minute,id,uid,latitude,longitude,name,spot,station_number,maintenance,terminal_type,city_id,city_name,bike_count,bike_list
2024-12-28T00:00:00,3397555,22249045,50.582722,8.673988,Johanneskirche,True,4922,False,smart_sign,467,Gießen,8,"386160, 386176, 91048, 386116, 91173, 91205, 91209, 91299"
2024-12-28T00:59:00,3397555,22249045,50.582722,8.673988,Johanneskirche,True,4922,False,smart_sign,467,Gießen,9,"386176, 386160, 91048, 386116, 91173, 91205, 91209, 91254, 91299"
2024-12-28T01:00:00,3397555,22249045,50.582722,8.673988,Johanneskirche,True,4922,False,smart_sign,467,Gießen,8,"91299, 91173, 386116, 91048, 386176, 91209, 91205, 386160"
2024-12-28T03:19:00,3397555,22249045,50.582722,8.673988,Johanneskirche,True,4922,False,smart_sign,467,Gießen,7,"386116, 386160, 386176, 91048, 91205, 91209, 91299"
2024-12-28T09:55:00,3397555,22249045,50.582722,8.673988,Johanneskirche,True,4922,False,smart_sign,467,Gießen,8,"386160, 386176, 91048, 91066, 386116, 91205, 91209, 91299"
2024-12-28T10:08:00,3397555,22249045,50.582722,8.673988,Johanneskirche,True,4922,False,smart_sign,467,Gießen,7,"386160, 91048, 91066, 386116, 91205, 91209, 91299"
2024-12-28T11:22:00,3397555,22249045,50.582722,8.673988,Johanneskirche,True,4922,False,smart_sign,467,Gießen,8,"91310, 91299, 91209, 91205, 386116, 91066, 91048, 386160"
2024-12-28T14:01:00,3397555,22249045,50.582722,8.673988,Johanneskirche,True,4922,False,smart_sign,467,Gießen,7,"386160, 91299, 91209, 91205, 386116, 91048, 91310"
2024-12-28T15:17:00,3397555,22249045,50.582722,8.673988,Johanneskirche,True,4922,False,smart_sign,467,Gießen,8,"91205, 386160, 91310, 91046, 91048, 386116, 91209, 91299"
2024-12-28T18:18:00,3397555,22249045,50.582722,8.673988,Johanneskirche,True,4922,False,smart_sign,467,Gießen,7,"91046, 91299, 91209, 91205, 386116, 91048, 91310"
2024-12-28T19:27:00,3397555,22249045,50.582722,8.673988,Johanneskirche,True,4922,False,smart_sign,467,Gießen,8,"91112, 91048, 91046, 91310, 91299, 91209, 91205, 386116"
2024-12-28T19:30:00,3397555,22249045,50.582722,8.673988,Johanneskirche,True,4922,False,smart_sign,467,Gießen,7,"91048, 91299, 386116, 91205, 91209, 91046, 91310"
2024-12-28T19:59:00,3397555,22249045,50.582722,8.673988,Johanneskirche,True,4922,False,smart_sign,467,Gießen,8,"91046, 91299, 91209, 91205, 386116, 91112, 91048, 91310"
2024-12-28T20:26:00,3397555,22249045,50.582722,8.673988,Johanneskirche,True,4922,False,smart_sign,467,Gießen,9,"91310, 91046, 91048, 91086, 91112, 386116, 91205, 91209, 91299"
2024-12-28T00:00:00,3397550,9916411,50.570486,8.665858,JLU Medizin / BFS,True,4924,False,smart_sign,467,Gießen,6,"91115, 91051, 91319, 386079, 386050, 386004"
2024-12-28T21:46:00,3397550,9916411,50.570486,8.665858,JLU Medizin / BFS,True,4924,False,smart_sign,467,Gießen,7,"91051, 91023, 91319, 386079, 386050, 386004, 91115"
2024-12-28T00:00:00,3397551,10095597,50.574348,8.660046,JLU Seltersberg / Veterinärmedizin,True,4925,False,smart_sign,467,Gießen,1,91265
2024-12-28T17:19:00,3397551,10095597,50.574348,8.660046,JLU Seltersberg / Veterinärmedizin,True,4925,False,smart_sign,467,Gießen,0,
2024-12-28T00:00:00,3397552,11792717,50.579946,8.67848,JLU Innenstadt / Universitätszentrum CARGO,True,4926,False,smart_sign,467,Gießen,22,"91218, 91318, 91330, 91332, 91066, 386121, 91086, 91112, 91128, 91133, 91139, 91290, 386200, 386158, 386167, 386196, 386051, 386071, 386082, 386086, 386089, 386300"
2024-12-28T03:31:00,3397552,11792717,50.579946,8.67848,JLU Innenstadt / Universitätszentrum CARGO,True,4926,False,smart_sign,467,Gießen,23,"91332, 91066, 386121, 91112, 91128, 91133, 91139, 91218, 91290, 91086, 386200, 386158, 386167, 386196, 386051, 386071, 386082, 386086, 386089, 386300, 91310, 91318, 91330"
2024-12-28T04:30:00,3397552,11792717,50.579946,8.67848,JLU Innenstadt / Universitätszentrum CARGO,True,4926,False,smart_sign,467,Gießen,22,"91139, 91290, 91218, 91133, 91128, 91112, 91086, 386121, 91066, 91332, 91330, 91318, 91310, 386300, 386089, 386082, 386071, 386051, 386196, 386167, 386158, 386200"
2024-12-28T07:55:00,3397552,11792717,50.579946,8.67848,JLU Innenstadt / Universitätszentrum CARGO,True,4926,False,smart_sign,467,Gießen,21,"91139, 91318, 91330, 91332, 91066, 386121, 91086, 91112, 91128, 91133, 91218, 91290, 386200, 386158, 386196, 386051, 386082, 386086, 386089, 386300, 91310"
2024-12-28T08:19:00,3397552,11792717,50.579946,8.67848,JLU Innenstadt / Universitätszentrum CARGO,True,4926,False,smart_sign,467,Gießen,19,"91310, 91318, 91330, 386051, 386200, 386196, 91332, 91066, 386121, 91086, 91112, 91128, 91133, 91139, 91218, 91290, 386082, 386086, 386300"
2024-12-28T08:58:00,3397552,11792717,50.579946,8.67848,JLU Innenstadt / Universitätszentrum CARGO,True,4926,False,smart_sign,467,Gießen,20,"91139, 91318, 91330, 91332, 91066, 386121, 91086, 91112, 91128, 91133, 91218, 91290, 386200, 386158, 386196, 386051, 386082, 386086, 386300, 91310"
2024-12-28T09:38:00,3397552,11792717,50.579946,8.67848,JLU Innenstadt / Universitätszentrum CARGO,True,4926,False,smart_sign,467,Gießen,19,"386086, 386082, 386051, 386196, 386200, 386121, 91066, 91332, 91330, 91318, 91310, 386300, 91290, 91218, 91139, 91133, 91128, 91112, 91086"
2024-12-28T09:51:00,3397552,11792717,50.579946,8.67848,JLU Innenstadt / Universitätszentrum CARGO,True,4926,False,smart_sign,467,Gießen,18,"386300, 386086, 386082, 386051, 386196, 386200, 91112, 91086, 386121, 91332, 91330, 91318, 91310, 91290, 91218, 91139, 91133, 91128"
2024-12-28T09:55:00,3397552,11792717,50.579946,8.67848,JLU Innenstadt / Universitätszentrum CARGO,True,4926,False,smart_sign,467,Gießen,17,"91128, 91133, 91139, 91218, 91290, 386200, 386196, 386051, 386082, 386300, 91310, 91318, 91330, 91332, 386121, 91086, 91112"
2024-12-28T09:59:00,3397552,11792717,50.579946,8.67848,JLU Innenstadt / Universitätszentrum CARGO,True,4926,False,smart_sign,467,Gießen,16,"91128, 91112, 91133, 91139, 386196, 386051, 386082, 386086, 386300, 91310, 91318, 386121, 91218, 91290, 91332, 386200"
2024-12-28T10:24:00,3397552,11792717,50.579946,8.67848,JLU Innenstadt / Universitätszentrum CARGO,True,4926,False,smart_sign,467,Gießen,15,"386200, 386196, 386051, 386082, 386300, 91310, 91318, 91332, 386121, 91112, 91128, 91133, 91139, 91218, 91290"
2024-12-28T11:18:00,3397552,11792717,50.579946,8.67848,JLU Innenstadt / Universitätszentrum CARGO,True,4926,False,smart_sign,467,Gießen,14,"91318, 91332, 386121, 91112, 91128, 91133, 91139, 91218, 91290, 386200, 386196, 386051, 386300, 386082"
2024-12-28T11:49:00,3397552,11792717,50.579946,8.67848,JLU Innenstadt / Universitätszentrum CARGO,True,4926,False,smart_sign,467,Gießen,16,"91133, 91128, 91112, 386121, 91332, 91318, 386300, 386082, 386051, 386044, 386196, 386168, 386200, 91290, 91218, 91139"
2024-12-28T12:06:00,3397552,11792717,50.579946,8.67848,JLU Innenstadt / Universitätszentrum CARGO,True,4926,False,smart_sign,467,Gießen,15,"386196, 91290, 91218, 91139, 91133, 91112, 386121, 386168, 91332, 91318, 386300, 386082, 386200, 386051, 386044"
2024-12-28T12:20:00,3397552,11792717,50.579946,8.67848,JLU Innenstadt / Universitätszentrum CARGO,True,4926,False,smart_sign,467,Gießen,14,"91318, 91332, 386121, 91112, 91133, 91139, 91218, 91290, 386200, 386168, 386196, 386044, 386300, 386051"
2024-12-28T12:35:00,3397552,11792717,50.579946,8.67848,JLU Innenstadt / Universitätszentrum CARGO,True,4926,False,smart_sign,467,Gießen,15,"386051, 386300, 91318, 91332, 386121, 91112, 91128, 91139, 91133, 91218, 91290, 386196, 386168, 386200, 386044"
2024-12-28T12:49:00,3397552,11792717,50.579946,8.67848,JLU Innenstadt / Universitätszentrum CARGO,True,4926,False,smart_sign,467,Gießen,16,"91112, 386082, 386300, 91318, 91332, 386121, 386051, 91128, 91133, 91139, 91218, 91290, 386044, 386200, 386168, 386196"
2024-12-28T12:51:00,3397552,11792717,50.579946,8.67848,JLU Innenstadt / Universitätszentrum CARGO,True,4926,False,smart_sign,467,Gießen,15,"91128, 91112, 386121, 91332, 91318, 386300, 386082, 386051, 386044, 386196, 386168, 386200, 91133, 91218, 91139"
2024-12-28T13:25:00,3397552,11792717,50.579946,8.67848,JLU Innenstadt / Universitätszentrum CARGO,True,4926,False,smart_sign,467,Gießen,14,"386121, 91218, 91139, 91133, 91128, 91332, 91318, 386300, 386082, 386051, 386044, 386196, 386168, 386200"
2024-12-28T13:54:00,3397552,11792717,50.579946,8.67848,JLU Innenstadt / Universitätszentrum CARGO,True,4926,False,smart_sign,467,Gießen,13,"386051, 91218, 91139, 91133, 91128, 386121, 91332, 91318, 386300, 386082, 386044, 386196, 386168"
2024-12-28T13:57:00,3397552,11792717,50.579946,8.67848,JLU Innenstadt / Universitätszentrum CARGO,True,4926,False,smart_sign,467,Gießen,12,"91218, 91139, 91133, 386121, 91332, 91318, 386300, 386082, 386051, 386044, 386196, 386168"
2024-12-28T14:40:00,3397552,11792717,50.579946,8.67848,JLU Innenstadt / Universitätszentrum CARGO,True,4926,False,smart_sign,467,Gießen,13,"91218, 386300, 386082, 386200, 386051, 386044, 91318, 91332, 386121, 91133, 91139, 386196, 386168"
2024-12-28T15:35:00,3397552,11792717,50.579946,8.67848,JLU Innenstadt / Universitätszentrum CARGO,True,4926,False,smart_sign,467,Gießen,14,"386082, 386051, 386044, 386196, 386168, 386151, 91332, 386200, 386121, 91133, 91139, 91218, 91318, 386300"
2024-12-28T15:41:00,3397552,11792717,50.579946,8.67848,JLU Innenstadt / Universitätszentrum CARGO,True,4926,False,smart_sign,467,Gießen,13,"386051, 386044, 386196, 386168, 386151, 386300, 386200, 91318, 91332, 386121, 91133, 91139, 386082"
2024-12-28T15:46:00,3397552,11792717,50.579946,8.67848,JLU Innenstadt / Universitätszentrum CARGO,True,4926,False,smart_sign,467,Gießen,14,"386082, 91318, 91332, 386200, 91133, 91139, 91218, 386121, 386151, 386168, 386196, 386039, 386044, 386051"
2024-12-28T15:50:00,3397552,11792717,50.579946,8.67848,JLU Innenstadt / Universitätszentrum CARGO,True,4926,False,smart_sign,467,Gießen,13,"91139, 386196, 386039, 386044, 386051, 386082, 91318, 91332, 386121, 91133, 91218, 386168, 386200"
2024-12-28T16:14:00,3397552,11792717,50.579946,8.67848,JLU Innenstadt / Universitätszentrum CARGO,True,4926,False,smart_sign,467,Gießen,14,"91218, 91139, 91133, 386121, 91332, 91318, 386200, 386168, 386196, 386039, 91268, 386044, 386051, 386082"
2024-12-28T17:44:00,3397552,11792717,50.579946,8.67848,JLU Innenstadt / Universitätszentrum CARGO,True,4926,False,smart_sign,467,Gießen,13,"91139, 386200, 386168, 386196, 386039, 386044, 386051, 386082, 91318, 91332, 386121, 91218, 91268"
2024-12-28T18:05:00,3397552,11792717,50.579946,8.67848,JLU Innenstadt / Universitätszentrum CARGO,True,4926,False,smart_sign,467,Gießen,14,"386051, 91268, 91218, 91139, 91133, 386121, 91332, 386082, 91318, 386200, 386168, 386196, 386039, 386044"
2024-12-28T18:15:00,3397552,11792717,50.579946,8.67848,JLU Innenstadt / Universitätszentrum CARGO,True,4926,False,smart_sign,467,Gießen,13,"386051, 386082, 91318, 91332, 386121, 91139, 91218, 91268, 386200, 386168, 386196, 386039, 386044"
2024-12-28T18:28:00,3397552,11792717,50.579946,8.67848,JLU Innenstadt / Universitätszentrum CARGO,True,4926,False,smart_sign,467,Gießen,14,"386196, 91268, 91218, 91139, 386121, 91036, 91332, 91318, 386082, 386051, 386044, 386039, 386168, 386200"
2024-12-28T19:53:00,3397552,11792717,50.579946,8.67848,JLU Innenstadt / Universitätszentrum CARGO,True,4926,False,smart_sign,467,Gießen,16,"91218, 91268, 91318, 91332, 91036, 91065, 386121, 91139, 386200, 386168, 386196, 386014, 386039, 386044, 386051, 386082"
2024-12-28T20:05:00,3397552,11792717,50.579946,8.67848,JLU Innenstadt / Universitätszentrum CARGO,True,4926,False,smart_sign,467,Gießen,17,"386051, 386082, 386083, 91318, 91332, 91036, 91065, 386121, 91139, 91218, 91268, 386200, 386168, 386196, 386014, 386039, 386044"
2024-12-28T20:06:00,3397552,11792717,50.579946,8.67848,JLU Innenstadt / Universitätszentrum CARGO,True,4926,False,smart_sign,467,Gießen,18,"386044, 386049, 386051, 386082, 386083, 91318, 91332, 91036, 91065, 386121, 91139, 91218, 91268, 386200, 386168, 386196, 386014, 386039"
2024-12-28T20:10:00,3397552,11792717,50.579946,8.67848,JLU Innenstadt / Universitätszentrum CARGO,True,4926,False,smart_sign,467,Gießen,17,"386044, 386051, 386082, 386083, 91318, 91332, 91036, 91065, 386121, 91139, 91218, 91268, 386200, 386168, 386196, 386014, 386039"
2024-12-28T20:31:00,3397552,11792717,50.579946,8.67848,JLU Innenstadt / Universitätszentrum CARGO,True,4926,False,smart_sign,467,Gießen,16,"386121, 386200, 386168, 386196, 386014, 386039, 386044, 386051, 386082, 386083, 91318, 91332, 91036, 91065, 91139, 91218"
2024-12-28T20:32:00,3397552,11792717,50.579946,8.67848,JLU Innenstadt / Universitätszentrum CARGO,True,4926,False,smart_sign,467,Gießen,17,"386044, 386051, 386082, 386083, 91305, 91318, 91332, 91036, 91065, 386121, 91139, 91218, 386200, 386168, 386196, 386014, 386039"
2024-12-28T21:35:00,3397552,11792717,50.579946,8.67848,JLU Innenstadt / Universitätszentrum CARGO,True,4926,False,smart_sign,467,Gießen,18,"91065, 386200, 386160, 386168, 386196, 386014, 386039, 386044, 386051, 386082, 386083, 91305, 91318, 91332, 91036, 386121, 91139, 91218"
2024-12-28T22:15:00,3397552,11792717,50.579946,8.67848,JLU Innenstadt / Universitätszentrum CARGO,True,4926,False,smart_sign,467,Gießen,19,"386082, 386196, 386014, 386039, 386044, 386051, 386078, 386083, 91305, 91318, 91332, 91036, 91065, 386121, 91139, 91218, 386200, 386160, 386168"
2024-12-28T00:00:00,3397553,18602464,50.58453,8.680142,Rathaus / Berliner Platz,True,4927,False,smart_sign,467,Gießen,11,"386108, 386127, 91207, 91245, 91321, 91093, 91060, 91004, 91350, 91349, 91098"
2024-12-28T00:18:00,3397553,18602464,50.58453,8.680142,Rathaus / Berliner Platz,True,4927,False,smart_sign,467,Gießen,12,"91098, 91245, 91207, 386127, 386108, 91093, 91060, 91004, 91350, 91349, 91321, 386028"
2024-12-28T07:06:00,3397553,18602464,50.58453,8.680142,Rathaus / Berliner Platz,True,4927,False,smart_sign,467,Gießen,11,"91207, 91245, 386127, 91098, 91093, 91060, 91004, 91350, 91349, 91321, 386028"
2024-12-28T10:15:00,3397553,18602464,50.58453,8.680142,Rathaus / Berliner Platz,True,4927,False,smart_sign,467,Gießen,10,"91093, 91321, 91349, 91350, 91004, 91060, 91098, 386127, 91207, 91245"
2024-12-28T13:06:00,3397553,18602464,50.58453,8.680142,Rathaus / Berliner Platz,True,4927,False,smart_sign,467,Gießen,9,"91350, 91321, 91349, 91004, 91060, 91093, 386127, 91207, 91245"
2024-12-28T14:48:00,3397553,18602464,50.58453,8.680142,Rathaus / Berliner Platz,True,4927,False,smart_sign,467,Gießen,8,"386127, 91321, 91349, 91350, 91004, 91060, 91093, 91207"
2024-12-28T14:49:00,3397553,18602464,50.58453,8.680142,Rathaus / Berliner Platz,True,4927,False,smart_sign,467,Gießen,7,"91093, 91207, 91321, 91349, 91350, 91004, 386127"
2024-12-28T14:50:00,3397553,18602464,50.58453,8.680142,Rathaus / Berliner Platz,True,4927,False,smart_sign,467,Gießen,8,"91004, 91245, 91207, 386127, 91093, 91350, 91349, 91321"
2024-12-28T15:17:00,3397553,18602464,50.58453,8.680142,Rathaus / Berliner Platz,True,4927,False,smart_sign,467,Gießen,9,"91060, 386127, 91207, 91245, 91321, 91349, 91350, 91004, 91093"
2024-12-28T16:53:00,3397553,18602464,50.58453,8.680142,Rathaus / Berliner Platz,True,4927,False,smart_sign,467,Gießen,13,"91195, 91245, 91207, 91189, 386127, 91093, 91060, 91004, 91350, 91349, 91321, 386198, 386195"
2024-12-28T17:10:00,3397553,18602464,50.58453,8.680142,Rathaus / Berliner Platz,True,4927,False,smart_sign,467,Gießen,15,"91060, 386195, 91079, 91087, 91093, 386127, 91189, 91195, 91207, 91245, 91004, 91350, 91349, 91321, 386198"
2024-12-28T20:04:00,3397553,18602464,50.58453,8.680142,Rathaus / Berliner Platz,True,4927,False,smart_sign,467,Gießen,16,"91349, 91060, 91079, 91087, 91093, 386127, 91163, 91189, 91195, 91207, 91245, 91321, 386198, 386195, 91004, 91350"
2024-12-28T20:15:00,3397553,18602464,50.58453,8.680142,Rathaus / Berliner Platz,True,4927,False,smart_sign,467,Gießen,15,"386195, 91207, 91195, 91163, 386127, 91093, 91087, 91079, 91060, 91245, 91004, 91350, 91349, 91321, 386198"
2024-12-28T22:16:00,3397553,18602464,50.58453,8.680142,Rathaus / Berliner Platz,True,4927,False,smart_sign,467,Gießen,16,"91245, 386195, 386198, 386011, 91321, 91349, 91350, 91004, 91060, 91079, 91087, 91093, 386127, 91163, 91195, 91207"
2024-12-28T00:00:00,3397554,18605055,50.587726,8.668395,Bahnhof Oswaldsgarten,True,4928,False,smart_sign,467,Gießen,24,"91264, 386104, 91262, 91260, 91246, 91213, 91204, 91197, 91162, 91068, 91059, 91055, 91009, 91340, 91334, 386074, 386069, 386027, 386024, 386188, 386169, 386161, 386159, 386155"
2024-12-28T03:19:00,3397554,18605055,50.587726,8.668395,Bahnhof Oswaldsgarten,True,4928,False,smart_sign,467,Gießen,25,"91264, 386104, 91262, 91260, 91246, 91213, 91204, 91197, 91162, 91068, 91059, 91055, 91009, 91340, 91334, 386074, 386069, 386041, 386027, 386024, 386188, 386169, 386161, 386159, 386155"
2024-12-28T05:17:00,3397554,18605055,50.587726,8.668395,Bahnhof Oswaldsgarten,True,4928,False,smart_sign,467,Gießen,24,"91059, 386159, 386161, 386169, 386188, 386024, 386027, 386041, 386069, 386074, 91334, 91340, 91009, 91055, 386104, 91264, 91262, 91260, 91246, 91213, 91204, 91197, 91162, 91068"
2024-12-28T06:16:00,3397554,18605055,50.587726,8.668395,Bahnhof Oswaldsgarten,True,4928,False,smart_sign,467,Gießen,23,"91260, 91262, 91264, 386159, 386161, 386169, 386104, 386024, 386027, 386041, 386069, 386188, 91068, 91055, 91009, 91340, 91334, 386074, 91059, 91162, 91197, 91204, 91213"
2024-12-28T06:20:00,3397554,18605055,50.587726,8.668395,Bahnhof Oswaldsgarten,True,4928,False,smart_sign,467,Gießen,24,"91334, 386104, 91264, 91262, 91260, 91246, 91213, 91204, 91197, 91162, 91068, 91059, 91055, 91009, 91340, 386074, 386069, 386041, 386027, 386024, 386188, 386169, 386161, 386159"
2024-12-28T08:03:00,3397554,18605055,50.587726,8.668395,Bahnhof Oswaldsgarten,True,4928,False,smart_sign,467,Gießen,23,"91055, 91009, 91340, 91162, 91334, 91264, 386104, 386159, 386161, 386169, 386188, 386027, 386024, 386074, 386069, 386041, 91197, 91204, 91213, 91260, 91262, 91068, 91059"
2024-12-28T10:20:00,3397554,18605055,50.587726,8.668395,Bahnhof Oswaldsgarten,True,4928,False,smart_sign,467,Gießen,24,"386074, 91334, 91340, 91009, 91055, 91059, 91068, 386104, 91264, 91262, 91260, 91213, 91204, 91197, 91162, 386159, 386161, 386169, 386188, 386024, 386027, 386028, 386041, 386069"
2024-12-28T11:40:00,3397554,18605055,50.587726,8.668395,Bahnhof Oswaldsgarten,True,4928,False,smart_sign,467,Gießen,25,"386104, 91264, 91262, 91260, 91213, 91204, 91197, 91162, 91068, 91059, 91055, 91009, 91340, 91334, 386074, 386069, 386041, 386028, 386027, 386024, 386188, 386173, 386169, 386161, 386159"
2024-12-28T14:56:00,3397554,18605055,50.587726,8.668395,Bahnhof Oswaldsgarten,True,4928,False,smart_sign,467,Gießen,27,"91204, 386159, 386161, 386169, 386173, 386188, 386024, 386027, 386028, 386041, 386069, 386074, 386090, 91334, 91340, 91009, 91055, 91059, 91068, 386123, 91162, 91197, 91213, 91260, 91262, 91264, 386104"
2024-12-28T16:59:00,3397554,18605055,50.587726,8.668395,Bahnhof Oswaldsgarten,True,4928,False,smart_sign,467,Gießen,26,"91068, 386159, 386161, 386169, 386173, 386024, 386027, 386028, 386041, 386069, 386074, 386090, 91334, 91340, 91009, 91055, 91059, 386123, 91162, 91197, 91204, 91213, 91260, 91262, 91264, 386104"
2024-12-28T17:34:00,3397554,18605055,50.587726,8.668395,Bahnhof Oswaldsgarten,True,4928,False,smart_sign,467,Gießen,27,"91260, 91264, 386104, 91009, 91055, 91059, 91068, 386123, 91162, 91197, 91204, 91213, 91262, 386159, 386161, 386169, 386173, 386011, 386024, 386027, 386028, 386041, 386069, 386074, 386090, 91334, 91340"
2024-12-28T18:21:00,3397554,18605055,50.587726,8.668395,Bahnhof Oswaldsgarten,True,4928,False,smart_sign,467,Gießen,25,"91334, 91340, 91009, 91055, 91059, 91068, 91162, 91197, 91204, 91213, 91260, 91262, 91264, 386104, 386159, 386161, 386169, 386173, 386011, 386024, 386027, 386028, 386041, 386069, 386074"
2024-12-28T18:37:00,3397554,18605055,50.587726,8.668395,Bahnhof Oswaldsgarten,True,4928,False,smart_sign,467,Gießen,27,"386027, 91009, 91340, 386090, 386074, 386069, 386041, 386159, 386161, 386169, 386173, 386011, 386024, 386028, 386104, 91264, 91262, 91260, 91213, 91204, 91197, 386151, 91162, 386123, 91068, 91059, 91055"
2024-12-28T19:28:00,3397554,18605055,50.587726,8.668395,Bahnhof Oswaldsgarten,True,4928,False,smart_sign,467,Gießen,28,"386024, 386027, 386028, 386041, 386064, 386069, 386074, 386090, 91340, 91009, 91055, 91059, 386123, 91068, 91162, 91197, 91204, 91213, 91260, 91262, 91264, 386104, 386159, 386151, 386011, 386173, 386169, 386161"
2024-12-28T20:21:00,3397554,18605055,50.587726,8.668395,Bahnhof Oswaldsgarten,True,4928,False,smart_sign,467,Gießen,29,"386104, 386151, 386159, 386161, 386169, 386173, 386011, 386024, 386027, 386028, 386041, 386064, 386069, 386074, 386090, 91340, 91009, 91055, 91059, 91068, 386123, 91162, 91189, 91197, 91204, 91213, 91260, 91262, 91264"
2024-12-28T21:32:00,3397554,18605055,50.587726,8.668395,Bahnhof Oswaldsgarten,True,4928,False,smart_sign,467,Gießen,28,"91260, 91009, 91055, 91059, 91068, 386123, 91162, 91189, 91197, 91213, 91262, 386104, 91264, 386151, 386159, 386161, 386169, 386173, 386011, 386024, 386027, 386028, 386041, 386064, 386069, 386074, 386090, 91340"
2024-12-28T22:10:00,3397554,18605055,50.587726,8.668395,Bahnhof Oswaldsgarten,True,4928,False,smart_sign,467,Gießen,27,"91197, 386104, 91264, 91262, 91260, 91213, 91189, 91162, 386123, 91068, 91059, 91055, 91009, 91340, 386090, 386074, 386069, 386064, 386041, 386028, 386027, 386024, 386173, 386169, 386161, 386159, 386151"
2024-12-28T23:29:00,3397554,18605055,50.587726,8.668395,Bahnhof Oswaldsgarten,True,4928,False,smart_sign,467,Gießen,28,"91113, 91162, 91189, 91197, 91213, 91260, 91262, 91264, 386104, 386161, 386159, 386151, 386173, 386024, 386027, 386028, 386041, 386064, 386069, 386074, 386090, 91340, 91009, 91055, 91059, 91068, 386123, 386169"
2024-12-28T00:00:00,3397561,37022407,50.588102,8.677491,Landgraf-Philipp-Platz,True,4929,False,smart_sign,467,Gießen,10,"91351, 91084, 91216, 91177, 91125, 386047, 386095, 91310, 91315, 91333"
2024-12-28T00:21:00,3397561,37022407,50.588102,8.677491,Landgraf-Philipp-Platz,True,4929,False,smart_sign,467,Gießen,9,"91333, 386047, 386095, 91310, 91351, 91084, 91125, 91177, 91216"
2024-12-28T03:24:00,3397561,37022407,50.588102,8.677491,Landgraf-Philipp-Platz,True,4929,False,smart_sign,467,Gießen,7,"91125, 91084, 91351, 386047, 91333, 91216, 91177"
2024-12-28T09:27:00,3397561,37022407,50.588102,8.677491,Landgraf-Philipp-Platz,True,4929,False,smart_sign,467,Gießen,6,"91216, 91351, 91125, 91177, 386047, 91084"
2024-12-28T09:32:00,3397561,37022407,50.588102,8.677491,Landgraf-Philipp-Platz,True,4929,False,smart_sign,467,Gießen,7,"91177, 91125, 386047, 91333, 91084, 91351, 91216"
2024-12-28T10:29:00,3397561,37022407,50.588102,8.677491,Landgraf-Philipp-Platz,True,4929,False,smart_sign,467,Gießen,8,"91125, 386047, 386086, 91333, 91351, 91084, 91177, 91216"
2024-12-28T11:37:00,3397561,37022407,50.588102,8.677491,Landgraf-Philipp-Platz,True,4929,False,smart_sign,467,Gießen,7,"91333, 386047, 91216, 91351, 91177, 91125, 91084"
2024-12-28T12:05:00,3397561,37022407,50.588102,8.677491,Landgraf-Philipp-Platz,True,4929,False,smart_sign,467,Gießen,8,"91216, 91177, 91125, 91084, 91351, 91333, 386086, 386047"
2024-12-28T00:00:00,3397537,6494751,50.573486,8.700008,JLU Phil. II / Haus F,True,4930,False,smart_sign,467,Gießen,2,"386174, 91194"
2024-12-28T00:00:00,3397538,6494917,50.57525,8.697667,Rathenaustraße,True,4931,False,smart_sign,467,Gießen,2,"386017, 91010"
2024-12-28T10:50:00,3397538,6494917,50.57525,8.697667,Rathenaustraße,True,4931,False,smart_sign,467,Gießen,3,"386007, 386017, 91010"
2024-12-28T18:39:00,3397538,6494917,50.57525,8.697667,Rathenaustraße,True,4931,False,smart_sign,467,Gießen,4,"386017, 386007, 91010, 386087"
2024-12-28T00:00:00,3397539,6510530,50.576216,8.69397,JLU Phil. I / Haus A,True,4932,False,smart_sign,467,Gießen,4,"91348, 91352, 91170, 91242"
2024-12-28T00:00:00,3397540,6510628,50.576775,8.694906,JLU Phil. I / GCSC,True,4933,False,smart_sign,467,Gießen,4,"386111, 91284, 91234, 91320"
2024-12-28T08:04:00,3397540,6510628,50.576775,8.694906,JLU Phil. I / GCSC,True,4933,False,smart_sign,467,Gießen,5,"91284, 386071, 91320, 386111, 91234"
2024-12-28T00:00:00,3397541,6510643,50.576661,8.692147,JLU Phil. I / Haus F,True,4934,False,smart_sign,467,Gießen,15,"91169, 91227, 91148, 91033, 386172, 91275, 91249, 386064, 91344, 91123, 386029, 386014, 91065, 386191, 91046"
2024-12-28T10:17:00,3397541,6510643,50.576661,8.692147,JLU Phil. I / Haus F,True,4934,False,smart_sign,467,Gießen,16,"91148, 91123, 91065, 91046, 91033, 91344, 386064, 386029, 386014, 386191, 386172, 386176, 91275, 91249, 91227, 91169"
2024-12-28T15:09:00,3397541,6510643,50.576661,8.692147,JLU Phil. I / Haus F,True,4934,False,smart_sign,467,Gießen,15,"386029, 91275, 91249, 91227, 91169, 91148, 91123, 91065, 91033, 91344, 386064, 386014, 386191, 386176, 386172"
2024-12-28T17:06:00,3397541,6510643,50.576661,8.692147,JLU Phil. I / Haus F,True,4934,False,smart_sign,467,Gießen,14,"386172, 91275, 91249, 91227, 91169, 386176, 386191, 386014, 386029, 91344, 91033, 91065, 91123, 91148"
2024-12-28T19:45:00,3397541,6510643,50.576661,8.692147,JLU Phil. I / Haus F,True,4934,False,smart_sign,467,Gießen,12,"386191, 386029, 91344, 91033, 91123, 91148, 91169, 91227, 91249, 386176, 386172, 91275"
2024-12-28T00:00:00,3397542,6510660,50.585239,8.699665,JLU Sport / Kugelberg,True,4935,False,smart_sign,467,Gießen,11,"91003, 91090, 91280, 91261, 91257, 91206, 386016, 91182, 386194, 386152, 91106"
2024-12-28T03:38:00,3397542,6510660,50.585239,8.699665,JLU Sport / Kugelberg,True,4935,False,smart_sign,467,Gießen,12,"386095, 386152, 386194, 386016, 91003, 91090, 91106, 91182, 91206, 91257, 91261, 91280"
2024-12-28T11:26:00,3397542,6510660,50.585239,8.699665,JLU Sport / Kugelberg,True,4935,False,smart_sign,467,Gießen,11,"386152, 91280, 91182, 91261, 91257, 91206, 91106, 91090, 91003, 386095, 386016"
2024-12-28T13:30:00,3397542,6510660,50.585239,8.699665,JLU Sport / Kugelberg,True,4935,False,smart_sign,467,Gießen,12,"386194, 386152, 386016, 386095, 91003, 91090, 91106, 91182, 91206, 91257, 91261, 91280"
2024-12-28T20:00:00,3397542,6510660,50.585239,8.699665,JLU Sport / Kugelberg,True,4935,False,smart_sign,467,Gießen,13,"91280, 386152, 386194, 386016, 386095, 91003, 91090, 91106, 91173, 91182, 91206, 91257, 91261"
2024-12-28T22:09:00,3397542,6510660,50.585239,8.699665,JLU Sport / Kugelberg,True,4935,False,smart_sign,467,Gießen,12,"91206, 91257, 91280, 91261, 386095, 91003, 386016, 386194, 386152, 91090, 91106, 91182"
2024-12-28T22:20:00,3397542,6510660,50.585239,8.699665,JLU Sport / Kugelberg,True,4935,False,smart_sign,467,Gießen,13,"386095, 386016, 386194, 91106, 386152, 91090, 91003, 91280, 91261, 91257, 91206, 91182, 91158"
2024-12-28T22:41:00,3397542,6510660,50.585239,8.699665,JLU Sport / Kugelberg,True,4935,False,smart_sign,467,Gießen,12,"91003, 386152, 386194, 91090, 91106, 91158, 91182, 91257, 91261, 91280, 386016, 386095"
2024-12-28T22:47:00,3397542,6510660,50.585239,8.699665,JLU Sport / Kugelberg,True,4935,False,smart_sign,467,Gießen,11,"91090, 386152, 386194, 386095, 91003, 91106, 91182, 91206, 91257, 91261, 91280"
2024-12-28T22:48:00,3397542,6510660,50.585239,8.699665,JLU Sport / Kugelberg,True,4935,False,smart_sign,467,Gießen,12,"91206, 91182, 91106, 91090, 91003, 91280, 91257, 386095, 386016, 386194, 386152, 91261"
2024-12-28T00:00:00,3397543,6510709,50.580753,8.695099,JLU Recht und Wirtschaft,True,4936,False,smart_sign,467,Gießen,0,
2024-12-28T00:00:00,3397544,6510738,50.571078,8.674602,JLU Seltersberg / Leihgesterner Weg,True,4937,False,smart_sign,467,Gießen,0,
2024-12-28T11:46:00,3397544,6510738,50.571078,8.674602,JLU Seltersberg / Leihgesterner Weg,True,4937,False,smart_sign,467,Gießen,1,91190
2024-12-28T12:01:00,3397544,6510738,50.571078,8.674602,JLU Seltersberg / Leihgesterner Weg,True,4937,False,smart_sign,467,Gießen,0,
2024-12-28T00:00:00,3397545,6510764,50.570978,8.672389,JLU Seltersberg / HRZ,True,4938,False,smart_sign,467,Gießen,0,
2024-12-28T13:37:00,3397545,6510764,50.570978,8.672389,JLU Seltersberg / HRZ,True,4938,False,smart_sign,467,Gießen,14,"91239, 91297, 91283, 91223, 91219, 91119, 91109, 386119, 91012, 91347, 91317, 91314, 91302, 386097"
2024-12-28T16:02:00,3397545,6510764,50.570978,8.672389,JLU Seltersberg / HRZ,True,4938,False,smart_sign,467,Gießen,13,"91317, 386097, 91302, 91314, 91347, 386119, 91109, 91119, 91219, 91223, 91239, 91283, 91297"
2024-12-28T18:39:00,3397545,6510764,50.570978,8.672389,JLU Seltersberg / HRZ,True,4938,False,smart_sign,467,Gießen,12,"91314, 91347, 386119, 91109, 91219, 91223, 91239, 91283, 91297, 386097, 91302, 91317"
2024-12-28T18:43:00,3397545,6510764,50.570978,8.672389,JLU Seltersberg / HRZ,True,4938,False,smart_sign,467,Gießen,13,"91302, 91297, 91283, 91239, 91223, 91219, 91119, 91109, 386119, 91347, 91317, 91314, 386097"
2024-12-28T00:00:00,3397546,6510782,50.580418,8.664761,Bahnhof / Alte Post,True,4939,False,smart_sign,467,Gießen,1,386028
2024-12-28T00:07:00,3397546,6510782,50.580418,8.664761,Bahnhof / Alte Post,True,4939,False,smart_sign,467,Gießen,0,
2024-12-28T03:25:00,3397546,6510782,50.580418,8.664761,Bahnhof / Alte Post,True,4939,False,smart_sign,467,Gießen,1,91173
2024-12-28T07:12:00,3397546,6510782,50.580418,8.664761,Bahnhof / Alte Post,True,4939,False,smart_sign,467,Gießen,2,"91173, 386108"
2024-12-28T07:25:00,3397546,6510782,50.580418,8.664761,Bahnhof / Alte Post,True,4939,False,smart_sign,467,Gießen,1,386108
2024-12-28T08:12:00,3397546,6510782,50.580418,8.664761,Bahnhof / Alte Post,True,4939,False,smart_sign,467,Gießen,0,
2024-12-28T08:27:00,3397546,6510782,50.580418,8.664761,Bahnhof / Alte Post,True,4939,False,smart_sign,467,Gießen,2,"386089, 386158"
2024-12-28T08:51:00,3397546,6510782,50.580418,8.664761,Bahnhof / Alte Post,True,4939,False,smart_sign,467,Gießen,1,386089
2024-12-28T09:03:00,3397546,6510782,50.580418,8.664761,Bahnhof / Alte Post,True,4939,False,smart_sign,467,Gießen,0,
2024-12-28T09:25:00,3397546,6510782,50.580418,8.664761,Bahnhof / Alte Post,True,4939,False,smart_sign,467,Gießen,1,91201
2024-12-28T09:43:00,3397546,6510782,50.580418,8.664761,Bahnhof / Alte Post,True,4939,False,smart_sign,467,Gießen,2,"91201, 386158"
2024-12-28T10:02:00,3397546,6510782,50.580418,8.664761,Bahnhof / Alte Post,True,4939,False,smart_sign,467,Gießen,3,"91086, 386158, 91201"
2024-12-28T11:57:00,3397546,6510782,50.580418,8.664761,Bahnhof / Alte Post,True,4939,False,smart_sign,467,Gießen,2,"91201, 91086"
2024-12-28T12:10:00,3397546,6510782,50.580418,8.664761,Bahnhof / Alte Post,True,4939,False,smart_sign,467,Gießen,1,91201
2024-12-28T12:34:00,3397546,6510782,50.580418,8.664761,Bahnhof / Alte Post,True,4939,False,smart_sign,467,Gießen,24,"91305, 91024, 91037, 91078, 91103, 91108, 91113, 91142, 91163, 91201, 91231, 91268, 91285, 91286, 386026, 386190, 386033, 386039, 386048, 386056, 386058, 386065, 386078, 91007"
2024-12-28T13:30:00,3397546,6510782,50.580418,8.664761,Bahnhof / Alte Post,True,4939,False,smart_sign,467,Gießen,23,"91024, 91037, 91078, 91103, 91108, 91113, 91142, 91163, 91201, 91231, 91268, 91285, 91286, 386026, 386033, 386039, 386048, 386056, 386058, 386065, 386078, 91305, 91007"
2024-12-28T13:36:00,3397546,6510782,50.580418,8.664761,Bahnhof / Alte Post,True,4939,False,smart_sign,467,Gießen,24,"91007, 91024, 91037, 91078, 91201, 91163, 91142, 91113, 91112, 91108, 91103, 91285, 91231, 91268, 91286, 386026, 386033, 386039, 386048, 386056, 386058, 386065, 386078, 91305"
2024-12-28T13:55:00,3397546,6510782,50.580418,8.664761,Bahnhof / Alte Post,True,4939,False,smart_sign,467,Gießen,23,"91103, 386026, 386033, 386039, 386048, 386056, 386058, 386065, 386078, 91305, 91007, 91024, 91037, 91078, 91108, 91112, 91113, 91142, 91163, 91201, 91231, 91268, 91285"
2024-12-28T13:56:00,3397546,6510782,50.580418,8.664761,Bahnhof / Alte Post,True,4939,False,smart_sign,467,Gießen,24,"91024, 91305, 386078, 386065, 386058, 386056, 386048, 386039, 386033, 386026, 91286, 91285, 91268, 91231, 91201, 91163, 91142, 91113, 91112, 91108, 91103, 91078, 91037, 91007"
2024-12-28T14:17:00,3397546,6510782,50.580418,8.664761,Bahnhof / Alte Post,True,4939,False,smart_sign,467,Gießen,23,"91305, 91024, 91037, 91078, 91103, 91108, 91112, 91113, 91142, 91163, 91201, 91231, 91268, 91285, 91286, 386026, 386033, 386039, 386048, 386058, 386065, 386078, 91007"
2024-12-28T14:36:00,3397546,6510782,50.580418,8.664761,Bahnhof / Alte Post,True,4939,False,smart_sign,467,Gießen,22,"91037, 91286, 91285, 91268, 91231, 91201, 91163, 91142, 91113, 91112, 91108, 91103, 91078, 91024, 91007, 91305, 386078, 386065, 386058, 386048, 386039, 386033"
2024-12-28T14:56:00,3397546,6510782,50.580418,8.664761,Bahnhof / Alte Post,True,4939,False,smart_sign,467,Gießen,21,"91201, 91108, 91112, 91113, 91142, 91163, 91103, 91231, 91268, 91286, 91285, 386033, 386039, 386048, 386058, 386078, 91305, 91007, 91024, 91037, 91078"
2024-12-28T15:00:00,3397546,6510782,50.580418,8.664761,Bahnhof / Alte Post,True,4939,False,smart_sign,467,Gießen,20,"91201, 386039, 386048, 386058, 386078, 91305, 91007, 91024, 91037, 91078, 91103, 91108, 91112, 91113, 91142, 91163, 91231, 91268, 91285, 91286"
2024-12-28T15:36:00,3397546,6510782,50.580418,8.664761,Bahnhof / Alte Post,True,4939,False,smart_sign,467,Gießen,19,"91286, 91285, 91268, 91231, 91201, 91163, 91142, 91113, 91112, 91108, 91103, 91078, 91037, 91024, 91007, 91305, 386078, 386058, 386048"
2024-12-28T16:05:00,3397546,6510782,50.580418,8.664761,Bahnhof / Alte Post,True,4939,False,smart_sign,467,Gießen,18,"91113, 91142, 91163, 91201, 91285, 91231, 91286, 386078, 386058, 386048, 91305, 91103, 91078, 91037, 91024, 91007, 91108, 91112"
2024-12-28T17:10:00,3397546,6510782,50.580418,8.664761,Bahnhof / Alte Post,True,4939,False,smart_sign,467,Gießen,19,"386048, 91103, 91108, 91112, 91113, 91142, 91163, 91201, 91231, 91285, 91286, 386078, 386058, 386083, 91305, 91007, 91024, 91037, 91078"
2024-12-28T17:22:00,3397546,6510782,50.580418,8.664761,Bahnhof / Alte Post,True,4939,False,smart_sign,467,Gießen,18,"91285, 386058, 386078, 386083, 91305, 91007, 91024, 91078, 91103, 91108, 91112, 91113, 91142, 91163, 91201, 91231, 91286, 386048"
2024-12-28T17:25:00,3397546,6510782,50.580418,8.664761,Bahnhof / Alte Post,True,4939,False,smart_sign,467,Gießen,19,"91231, 91265, 386048, 386058, 386078, 386083, 91305, 91007, 91024, 91201, 91163, 91142, 91113, 91112, 91108, 91103, 91078, 91285, 91286"
2024-12-28T17:41:00,3397546,6510782,50.580418,8.664761,Bahnhof / Alte Post,True,4939,False,smart_sign,467,Gießen,18,"386078, 386058, 91007, 386048, 91265, 91305, 91024, 91078, 91103, 91108, 91112, 91113, 91142, 91163, 91201, 91285, 91286, 386083"
2024-12-28T17:42:00,3397546,6510782,50.580418,8.664761,Bahnhof / Alte Post,True,4939,False,smart_sign,467,Gießen,17,"91201, 91286, 386048, 386058, 386078, 386083, 91305, 91007, 91024, 91078, 91103, 91108, 91112, 91113, 91142, 91285, 91163"
2024-12-28T17:47:00,3397546,6510782,50.580418,8.664761,Bahnhof / Alte Post,True,4939,False,smart_sign,467,Gießen,16,"91286, 91285, 91201, 91163, 91142, 91113, 91112, 91007, 91024, 91078, 91103, 91108, 91305, 386058, 386083, 386078"
2024-12-28T17:55:00,3397546,6510782,50.580418,8.664761,Bahnhof / Alte Post,True,4939,False,smart_sign,467,Gießen,17,"386083, 91305, 91007, 91024, 91078, 91103, 91108, 91112, 91286, 91285, 91201, 91163, 91142, 91113, 386021, 386058, 386078"
2024-12-28T18:27:00,3397546,6510782,50.580418,8.664761,Bahnhof / Alte Post,True,4939,False,smart_sign,467,Gießen,16,"91024, 91286, 91285, 91201, 91163, 91142, 91113, 91112, 91108, 91103, 91078, 91007, 91305, 386083, 386058, 386021"
2024-12-28T18:35:00,3397546,6510782,50.580418,8.664761,Bahnhof / Alte Post,True,4939,False,smart_sign,467,Gießen,17,"91286, 91285, 91201, 91163, 91142, 91112, 91108, 91103, 91078, 91024, 91007, 91305, 386083, 386078, 386058, 386021, 91113"
2024-12-28T19:13:00,3397546,6510782,50.580418,8.664761,Bahnhof / Alte Post,True,4939,False,smart_sign,467,Gießen,16,"91108, 91103, 91078, 91285, 91007, 91305, 386083, 386078, 386058, 386021, 91286, 91024, 91201, 91163, 91142, 91113"
2024-12-28T19:41:00,3397546,6510782,50.580418,8.664761,Bahnhof / Alte Post,True,4939,False,smart_sign,467,Gießen,15,"386078, 91285, 91286, 91201, 91163, 91142, 91113, 91108, 91103, 91078, 91024, 91007, 91305, 386083, 386058"
2024-12-28T19:45:00,3397546,6510782,50.580418,8.664761,Bahnhof / Alte Post,True,4939,False,smart_sign,467,Gießen,14,"91078, 91024, 91286, 91285, 91113, 91142, 91163, 91201, 91007, 91305, 386083, 386058, 91108, 91103"
2024-12-28T19:59:00,3397546,6510782,50.580418,8.664761,Bahnhof / Alte Post,True,4939,False,smart_sign,467,Gießen,13,"91286, 91285, 386058, 91305, 91007, 91024, 91078, 91086, 91103, 91108, 91113, 91142, 91201"
2024-12-28T20:01:00,3397546,6510782,50.580418,8.664761,Bahnhof / Alte Post,True,4939,False,smart_sign,467,Gießen,12,"91142, 386058, 91305, 91007, 91024, 91078, 91086, 91103, 91286, 91285, 91201, 91113"
2024-12-28T20:07:00,3397546,6510782,50.580418,8.664761,Bahnhof / Alte Post,True,4939,False,smart_sign,467,Gießen,11,"91286, 91285, 91201, 91142, 91113, 91103, 91086, 91078, 91024, 91305, 386058"
2024-12-28T20:22:00,3397546,6510782,50.580418,8.664761,Bahnhof / Alte Post,True,4939,False,smart_sign,467,Gießen,10,"91142, 91113, 91103, 91286, 91285, 91201, 386058, 91078, 91024, 91305"
2024-12-28T20:24:00,3397546,6510782,50.580418,8.664761,Bahnhof / Alte Post,True,4939,False,smart_sign,467,Gießen,8,"91285, 91286, 386058, 91024, 91078, 91103, 91113, 91142"
2024-12-28T21:10:00,3397546,6510782,50.580418,8.664761,Bahnhof / Alte Post,True,4939,False,smart_sign,467,Gießen,7,"386058, 91078, 91103, 91113, 91142, 91285, 91286"
2024-12-28T21:52:00,3397546,6510782,50.580418,8.664761,Bahnhof / Alte Post,True,4939,False,smart_sign,467,Gießen,6,"91113, 91103, 91142, 91078, 91285, 91286"
2024-12-28T23:04:00,3397546,6510782,50.580418,8.664761,Bahnhof / Alte Post,True,4939,False,smart_sign,467,Gießen,5,"91285, 91142, 91113, 91103, 91078"
2024-12-28T23:25:00,3397546,6510782,50.580418,8.664761,Bahnhof / Alte Post,True,4939,False,smart_sign,467,Gießen,4,"91142, 91285, 91078, 91103"
2024-12-28T00:00:00,3397547,6510910,50.587148,8.682158,THM A / Wiesenstraße,True,4940,False,smart_sign,467,Gießen,14,"386067, 386015, 386031, 91203, 91199, 91180, 91153, 386112, 91147, 91117, 91035, 386305, 386094, 386081"
2024-12-28T02:01:00,3397547,6510910,50.587148,8.682158,THM A / Wiesenstraße,True,4940,False,smart_sign,467,Gießen,15,"386305, 91117, 91147, 386112, 91153, 91180, 91199, 91203, 386015, 386031, 386067, 386081, 386094, 91329, 91035"
2024-12-28T05:24:00,3397547,6510910,50.587148,8.682158,THM A / Wiesenstraße,True,4940,False,smart_sign,467,Gießen,16,"386112, 386155, 386015, 386031, 386067, 386081, 386094, 91329, 386305, 91035, 91117, 91147, 91153, 91180, 91199, 91203"
2024-12-28T08:30:00,3397547,6510910,50.587148,8.682158,THM A / Wiesenstraße,True,4940,False,smart_sign,467,Gießen,15,"386081, 91203, 91199, 91180, 91153, 386112, 91147, 91117, 91035, 386305, 91329, 386094, 386155, 386015, 386067"
2024-12-28T08:31:00,3397547,6510910,50.587148,8.682158,THM A / Wiesenstraße,True,4940,False,smart_sign,467,Gießen,16,"386112, 91153, 91180, 91199, 91203, 386305, 91329, 386094, 386081, 386067, 386031, 386155, 386015, 91117, 91147, 91035"
2024-12-28T14:33:00,3397547,6510910,50.587148,8.682158,THM A / Wiesenstraße,True,4940,False,smart_sign,467,Gießen,17,"91035, 91117, 91147, 386112, 91153, 91180, 91199, 91203, 386155, 386015, 386031, 386067, 386081, 386094, 91329, 386305, 91011"
2024-12-28T16:11:00,3397547,6510910,50.587148,8.682158,THM A / Wiesenstraße,True,4940,False,smart_sign,467,Gießen,16,"91199, 386015, 386031, 386067, 386081, 386094, 91329, 386305, 91011, 91035, 91117, 91147, 386112, 91153, 91180, 91203"
2024-12-28T17:31:00,3397547,6510910,50.587148,8.682158,THM A / Wiesenstraße,True,4940,False,smart_sign,467,Gießen,15,"386015, 91203, 91199, 91180, 91153, 386112, 91147, 91117, 91035, 91011, 386305, 91329, 386094, 386067, 386031"
2024-12-28T18:56:00,3397547,6510910,50.587148,8.682158,THM A / Wiesenstraße,True,4940,False,smart_sign,467,Gießen,14,"91199, 386305, 91011, 91035, 91117, 91147, 386112, 91153, 91180, 91203, 386015, 386067, 386094, 91329"
2024-12-28T00:00:00,3397548,6510935,50.585584,8.684702,THM C / Moltkestraße,True,4941,False,smart_sign,467,Gießen,17,"91215, 91191, 91159, 91105, 91092, 91044, 91018, 386068, 386055, 386005, 386157, 91214, 91226, 91263, 91267, 91277, 91298"
2024-12-28T02:01:00,3397548,6510935,50.585584,8.684702,THM C / Moltkestraße,True,4941,False,smart_sign,467,Gießen,16,"386068, 91298, 386157, 386005, 386055, 91018, 91044, 91092, 91105, 91159, 91191, 91214, 91215, 91226, 91263, 91267"
2024-12-28T02:42:00,3397548,6510935,50.585584,8.684702,THM C / Moltkestraße,True,4941,False,smart_sign,467,Gießen,17,"91226, 91267, 91287, 91298, 91191, 91214, 91215, 91105, 91159, 91092, 91044, 91018, 386068, 386055, 386005, 386157, 91263"
2024-12-28T08:30:00,3397548,6510935,50.585584,8.684702,THM C / Moltkestraße,True,4941,False,smart_sign,467,Gießen,18,"91287, 91298, 386068, 91226, 91092, 91105, 91159, 91191, 91214, 91215, 386055, 386031, 386005, 386157, 91044, 91018, 91263, 91267"
2024-12-28T08:31:00,3397548,6510935,50.585584,8.684702,THM C / Moltkestraße,True,4941,False,smart_sign,467,Gießen,17,"91298, 386068, 91018, 91044, 91092, 91105, 91159, 91191, 91214, 91215, 91226, 91263, 91267, 91287, 386055, 386157, 386005"
2024-12-28T13:10:00,3397548,6510935,50.585584,8.684702,THM C / Moltkestraße,True,4941,False,smart_sign,467,Gießen,16,"386005, 386055, 386068, 91018, 91044, 91092, 91105, 91159, 91191, 91214, 91215, 91226, 91263, 91267, 91287, 91298"
2024-12-28T15:13:00,3397548,6510935,50.585584,8.684702,THM C / Moltkestraße,True,4941,False,smart_sign,467,Gießen,17,"91267, 91092, 91191, 91159, 91214, 386005, 91044, 91018, 386068, 386055, 91226, 91215, 91298, 91287, 91105, 91263, 386033"
2024-12-28T17:59:00,3397548,6510935,50.585584,8.684702,THM C / Moltkestraße,True,4941,False,smart_sign,467,Gießen,18,"91226, 386068, 91018, 91044, 91092, 91105, 91159, 91191, 91214, 91215, 91263, 91267, 91287, 91298, 386048, 386055, 386033, 386005"
2024-12-28T00:00:00,3397549,6510957,50.589469,8.681104,THM D / Gutfleischstraße,True,4942,False,smart_sign,467,Gießen,5,"386006, 386122, 91354, 386301, 386063"
2024-12-28T02:05:00,3397549,6510957,50.589469,8.681104,THM D / Gutfleischstraße,True,4942,False,smart_sign,467,Gießen,6,"386122, 91354, 386006, 386301, 386063, 91277"
2024-12-28T08:09:00,3397549,6510957,50.589469,8.681104,THM D / Gutfleischstraße,True,4942,False,smart_sign,467,Gießen,7,"386301, 91277, 91246, 386122, 91354, 386063, 386006"
2024-12-28T13:45:00,3397549,6510957,50.589469,8.681104,THM D / Gutfleischstraße,True,4942,False,smart_sign,467,Gießen,9,"386150, 91277, 91246, 386122, 91354, 386301, 386063, 386006, 386158"
2024-12-28T00:00:00,3397556,31067477,50.565264,8.687189,Day Night Sports,True,4944,False,free,467,Gießen,8,"91118, 91031, 91002, 91015, 91359, 91308, 91270, 91241"
2024-12-28T06:38:00,3397556,31067477,50.565264,8.687189,Day Night Sports,True,4944,False,free,467,Gießen,9,"91118, 91359, 91002, 91015, 91270, 91269, 91241, 91031, 91308"
2024-12-28T07:26:00,3397556,31067477,50.565264,8.687189,Day Night Sports,True,4944,False,free,467,Gießen,8,"91270, 91002, 91359, 91308, 91269, 91118, 91031, 91015"
2024-12-28T00:00:00,3397558,31068744,50.572309,8.682867,Bahnhaltepunkt Erdkauter Weg,True,4945,False,free,467,Gießen,4,"91235, 91355, 386128, 91014"
2024-12-28T13:01:00,3397558,31068744,50.572309,8.682867,Bahnhaltepunkt Erdkauter Weg,True,4945,False,free,467,Gießen,5,"91014, 386128, 91235, 91355, 386035"
2024-12-28T13:04:00,3397558,31068744,50.572309,8.682867,Bahnhaltepunkt Erdkauter Weg,True,4945,False,free,467,Gießen,4,"386035, 91355, 91014, 386128"
2024-12-28T13:25:00,3397558,31068744,50.572309,8.682867,Bahnhaltepunkt Erdkauter Weg,True,4945,False,free,467,Gießen,5,"91014, 386035, 386128, 91086, 91355"
2024-12-28T13:37:00,3397558,31068744,50.572309,8.682867,Bahnhaltepunkt Erdkauter Weg,True,4945,False,free,467,Gießen,6,"386035, 91235, 91086, 91014, 386128, 91355"
2024-12-28T16:16:00,3397558,31068744,50.572309,8.682867,Bahnhaltepunkt Erdkauter Weg,True,4945,False,free,467,Gießen,5,"91355, 91014, 91235, 386128, 386035"
2024-12-28T16:30:00,3397558,31068744,50.572309,8.682867,Bahnhaltepunkt Erdkauter Weg,True,4945,False,free,467,Gießen,6,"386155, 386035, 91355, 91014, 91235, 386128"
2024-12-28T16:47:00,3397558,31068744,50.572309,8.682867,Bahnhaltepunkt Erdkauter Weg,True,4945,False,free,467,Gießen,7,"386128, 386155, 386035, 91355, 91014, 91083, 91235"
2024-12-28T20:00:00,3397558,31068744,50.572309,8.682867,Bahnhaltepunkt Erdkauter Weg,True,4945,False,free,467,Gießen,8,"91355, 91014, 91083, 91235, 386128, 386155, 386021, 386035"
2024-12-28T20:17:00,3397558,31068744,50.572309,8.682867,Bahnhaltepunkt Erdkauter Weg,True,4945,False,free,467,Gießen,9,"91014, 91083, 386049, 91235, 386128, 386021, 386155, 91355, 386035"
2024-12-28T00:00:00,3397559,31069103,50.581435,8.696279,Bahnhaltepunkt Licher Straße,True,4946,False,free,467,Gießen,1,386107
2024-12-28T03:05:00,3397559,31069103,50.581435,8.696279,Bahnhaltepunkt Licher Straße,True,4946,False,free,467,Gießen,3,"386087, 91198, 386107"
2024-12-28T15:54:00,3397559,31069103,50.581435,8.696279,Bahnhaltepunkt Licher Straße,True,4946,False,free,467,Gießen,2,"386107, 91198"
2024-12-28T19:57:00,3397559,31069103,50.581435,8.696279,Bahnhaltepunkt Licher Straße,True,4946,False,free,467,Gießen,1,91198
2024-12-28T20:44:00,3397559,31069103,50.581435,8.696279,Bahnhaltepunkt Licher Straße,True,4946,False,free,467,Gießen,2,"91198, 91268"
2024-12-28T21:02:00,3397559,31069103,50.581435,8.696279,Bahnhaltepunkt Licher Straße,True,4946,False,free,467,Gießen,1,91198
2024-12-28T22:12:00,3397559,31069103,50.581435,8.696279,Bahnhaltepunkt Licher Straße,True,4946,False,free,467,Gießen,2,"91173, 91198"
2024-12-28T00:00:00,3397557,31067717,50.575709,8.70932,Landkreis Gießen / Riversplatz,True,4947,False,smart_sign,467,Gießen,2,"386186, 386038"
2024-12-28T00:00:00,3397560,33395116,50.568294,8.647932,Landkreis Gießen / Bachweg,True,4948,False,free,467,Gießen,4,"91248, 386012, 386001, 91114"
2024-12-28T00:00:00,3397562,39051609,50.585137,8.671877,Bahnhofstraße,True,4949,False,smart_sign,467,Gießen,28,"91006, 91300, 91281, 91252, 91224, 91220, 91202, 91178, 91149, 91367, 386109, 91094, 91089, 91075, 91049, 91036, 91034, 91032, 91027, 91342, 91312, 91307, 91303, 386037, 386021, 386003, 386184, 386166"
2024-12-28T01:03:00,3397562,39051609,50.585137,8.671877,Bahnhofstraße,True,4949,False,smart_sign,467,Gießen,27,"91342, 91312, 91307, 91303, 386037, 386021, 386003, 386166, 91149, 91300, 91281, 91252, 91224, 91220, 91202, 91178, 91367, 386109, 91094, 91089, 91075, 91049, 91036, 91034, 91032, 91027, 91006"
2024-12-28T01:04:00,3397562,39051609,50.585137,8.671877,Bahnhofstraße,True,4949,False,smart_sign,467,Gießen,26,"91089, 386109, 91367, 91149, 91178, 91202, 91220, 91224, 91252, 91281, 91300, 91034, 91032, 91027, 91006, 91342, 91312, 91307, 91303, 386037, 386003, 386166, 91036, 91049, 91075, 91094"
2024-12-28T01:55:00,3397562,39051609,50.585137,8.671877,Bahnhofstraße,True,4949,False,smart_sign,467,Gießen,27,"91220, 91202, 91032, 91006, 91300, 91281, 91252, 91224, 91178, 91027, 386166, 386003, 386037, 91303, 91307, 91312, 91367, 91342, 91145, 386109, 91094, 91089, 91075, 91049, 91036, 91149, 91034"
2024-12-28T01:56:00,3397562,39051609,50.585137,8.671877,Bahnhofstraße,True,4949,False,smart_sign,467,Gießen,28,"386109, 91300, 91281, 91252, 91224, 91220, 91202, 91178, 91149, 91145, 91367, 91094, 91089, 91075, 91049, 91036, 91034, 91032, 91027, 91006, 91342, 91312, 91307, 91303, 386083, 386037, 386003, 386166"
2024-12-28T08:07:00,3397562,39051609,50.585137,8.671877,Bahnhofstraße,True,4949,False,smart_sign,467,Gießen,29,"91202, 386166, 386150, 91220, 91224, 91252, 91281, 91300, 91075, 91094, 386109, 91367, 91145, 91149, 91178, 91312, 91307, 91303, 386083, 386037, 386003, 91342, 91049, 91089, 91034, 91032, 91036, 91027, 91006"
2024-12-28T10:14:00,3397562,39051609,50.585137,8.671877,Bahnhofstraße,True,4949,False,smart_sign,467,Gießen,30,"91252, 91300, 91281, 91241, 91224, 91220, 91202, 91178, 91149, 91145, 91367, 386109, 91094, 91089, 91075, 91049, 91036, 91034, 91032, 91027, 91006, 91342, 91312, 91307, 91303, 386083, 386037, 386003, 386166, 386150"
2024-12-28T11:43:00,3397562,39051609,50.585137,8.671877,Bahnhofstraße,True,4949,False,smart_sign,467,Gießen,29,"386150, 91036, 91300, 91281, 91252, 91241, 91224, 91220, 91202, 91178, 91149, 91145, 91367, 386109, 91094, 91089, 91075, 91049, 91034, 91032, 91027, 91342, 91312, 91307, 91303, 386083, 386037, 386003, 386166"
2024-12-28T12:01:00,3397562,39051609,50.585137,8.671877,Bahnhofstraße,True,4949,False,smart_sign,467,Gießen,30,"91149, 91145, 91367, 386109, 91094, 91089, 91075, 91049, 91036, 91034, 91032, 91027, 91342, 91312, 91307, 91303, 386083, 386037, 386003, 386166, 386158, 386150, 91300, 91241, 91224, 91220, 91202, 91178, 91281, 91252"
2024-12-28T13:04:00,3397562,39051609,50.585137,8.671877,Bahnhofstraße,True,4949,False,smart_sign,467,Gießen,32,"91032, 91300, 91281, 91274, 91252, 91241, 91224, 91220, 91202, 91178, 91149, 91145, 91367, 386109, 91094, 91089, 91075, 91049, 91036, 91034, 91027, 91342, 91312, 91307, 91303, 386083, 386037, 386003, 386000, 386166, 386158, 386150"
2024-12-28T13:11:00,3397562,39051609,50.585137,8.671877,Bahnhofstraße,True,4949,False,smart_sign,467,Gießen,33,"386150, 91300, 91281, 91274, 91252, 91241, 91224, 91220, 91202, 91178, 91149, 91145, 91367, 386109, 91098, 91094, 91089, 91075, 91049, 91036, 91034, 91032, 91027, 91342, 91312, 91307, 91303, 386083, 386037, 386003, 386000, 386166, 386158"
2024-12-28T13:15:00,3397562,39051609,50.585137,8.671877,Bahnhofstraße,True,4949,False,smart_sign,467,Gießen,34,"386000, 91300, 91281, 91274, 91252, 91241, 91224, 91220, 91202, 91178, 91149, 91145, 91367, 386109, 91098, 91094, 91089, 91075, 91049, 91036, 91034, 91032, 91027, 91342, 91312, 91307, 91303, 386083, 386037, 386021, 386003, 386166, 386158, 386150"
2024-12-28T13:34:00,3397562,39051609,50.585137,8.671877,Bahnhofstraße,True,4949,False,smart_sign,467,Gießen,35,"91367, 91300, 91281, 91274, 91252, 91241, 91224, 91220, 91202, 91178, 91149, 91145, 386109, 91098, 91094, 91089, 91075, 91049, 91036, 91034, 91032, 91027, 91342, 91312, 91307, 91303, 386083, 386037, 386021, 386003, 386000, 386190, 386166, 386158, 386150"
2024-12-28T13:37:00,3397562,39051609,50.585137,8.671877,Bahnhofstraße,True,4949,False,smart_sign,467,Gießen,33,"91145, 91149, 91178, 91252, 91202, 91220, 386003, 386000, 386190, 386166, 91034, 91032, 91036, 91027, 91342, 91312, 91049, 91075, 91241, 91224, 91089, 91274, 91094, 91307, 91303, 386083, 386037, 386021, 91281, 91300, 91098, 386109, 91367"
2024-12-28T13:39:00,3397562,39051609,50.585137,8.671877,Bahnhofstraße,True,4949,False,smart_sign,467,Gießen,32,"386003, 91300, 91281, 91274, 91252, 91241, 91224, 91220, 91202, 91178, 91149, 91145, 91367, 386109, 91098, 91094, 91089, 91075, 91049, 91036, 91034, 91032, 91027, 91342, 91312, 91307, 91303, 386083, 386037, 386021, 386000, 386166"
2024-12-28T13:40:00,3397562,39051609,50.585137,8.671877,Bahnhofstraße,True,4949,False,smart_sign,467,Gießen,33,"91178, 91149, 91145, 91367, 386109, 91098, 91094, 91089, 91075, 386101, 91049, 91036, 91034, 91032, 91027, 91342, 91312, 91307, 91303, 386083, 386037, 386021, 386003, 386000, 386166, 91274, 91241, 91281, 91300, 91252, 91224, 91220, 91202"
2024-12-28T14:16:00,3397562,39051609,50.585137,8.671877,Bahnhofstraße,True,4949,False,smart_sign,467,Gießen,34,"91303, 91300, 91281, 91274, 91252, 91241, 91224, 91220, 91202, 91178, 91149, 91145, 91128, 91367, 386109, 91098, 91094, 91089, 91075, 386101, 91049, 91036, 91034, 91032, 91027, 91342, 91312, 91307, 386083, 386037, 386021, 386003, 386000, 386166"
2024-12-28T14:31:00,3397562,39051609,50.585137,8.671877,Bahnhofstraße,True,4949,False,smart_sign,467,Gießen,35,"386021, 91300, 91281, 91274, 91252, 91241, 91224, 91220, 91202, 91178, 91149, 91145, 91128, 91367, 386109, 91098, 91094, 91089, 91075, 386101, 91049, 91036, 91034, 91032, 91027, 91342, 91312, 91307, 91303, 386083, 386056, 386037, 386003, 386000, 386166"
2024-12-28T15:59:00,3397562,39051609,50.585137,8.671877,Bahnhofstraße,True,4949,False,smart_sign,467,Gießen,34,"91089, 91202, 91220, 91224, 91241, 91252, 91274, 91281, 91312, 91307, 91303, 386083, 386056, 386037, 386021, 386003, 386000, 91128, 91145, 91149, 91032, 91027, 91342, 91300, 386101, 91049, 91036, 91075, 91034, 91094, 91178, 91098, 386109, 91367"
2024-12-28T16:59:00,3397562,39051609,50.585137,8.671877,Bahnhofstraße,True,4949,False,smart_sign,467,Gießen,33,"91281, 91300, 91274, 91252, 91241, 91224, 91220, 91202, 91178, 91149, 91145, 91128, 91367, 386109, 91098, 91094, 91089, 91075, 386101, 91049, 91036, 91034, 91032, 91027, 91342, 91312, 91307, 91303, 386056, 386037, 386021, 386003, 386000"
2024-12-28T17:48:00,3397562,39051609,50.585137,8.671877,Bahnhofstraße,True,4949,False,smart_sign,467,Gießen,34,"91145, 91128, 91367, 386109, 91098, 91094, 91089, 91075, 386101, 91049, 91036, 91034, 91032, 91027, 91342, 91312, 91307, 91303, 386056, 386037, 386021, 386003, 386000, 386166, 91224, 91202, 91178, 91149, 91252, 91274, 91281, 91300, 91220, 91241"
2024-12-28T17:49:00,3397562,39051609,50.585137,8.671877,Bahnhofstraße,True,4949,False,smart_sign,467,Gießen,33,"91145, 91128, 91367, 386109, 91098, 91094, 91089, 91075, 386101, 91049, 91036, 91034, 91032, 91027, 91220, 91312, 91307, 91303, 386056, 386037, 386003, 386000, 386166, 91342, 91202, 91178, 91149, 91224, 91241, 91252, 91274, 91281, 91300"
2024-12-28T18:15:00,3397562,39051609,50.585137,8.671877,Bahnhofstraße,True,4949,False,smart_sign,467,Gießen,32,"91307, 91300, 91281, 91252, 91241, 91224, 91220, 91202, 91178, 91149, 91145, 91128, 91367, 386109, 91098, 91094, 91089, 91075, 386101, 91049, 91036, 91034, 91032, 91027, 91342, 91312, 91303, 386056, 386037, 386003, 386000, 386166"
2024-12-28T18:16:00,3397562,39051609,50.585137,8.671877,Bahnhofstraße,True,4949,False,smart_sign,467,Gießen,31,"91145, 91300, 91281, 91252, 91241, 91224, 91220, 91202, 91178, 91149, 91128, 91367, 386109, 91098, 91094, 91089, 91075, 386101, 91049, 91034, 91032, 91027, 91342, 91312, 91307, 91303, 386056, 386037, 386003, 386000, 386166"
2024-12-28T18:17:00,3397562,39051609,50.585137,8.671877,Bahnhofstraße,True,4949,False,smart_sign,467,Gießen,32,"386037, 91300, 91281, 91274, 91252, 91241, 91224, 91220, 91202, 91178, 91149, 91145, 91128, 91367, 386109, 91098, 91094, 91089, 91075, 386101, 91049, 91034, 91032, 91027, 91342, 91312, 91307, 91303, 386056, 386003, 386000, 386166"
2024-12-28T18:23:00,3397562,39051609,50.585137,8.671877,Bahnhofstraße,True,4949,False,smart_sign,467,Gießen,33,"91300, 91281, 91274, 91252, 91241, 91224, 91220, 91202, 91178, 91149, 91145, 91133, 91128, 91367, 386109, 91098, 91094, 91089, 91075, 386101, 91049, 91034, 91032, 91027, 91342, 91312, 91307, 91303, 386056, 386037, 386003, 386000, 386166"
2024-12-28T18:38:00,3397562,39051609,50.585137,8.671877,Bahnhofstraße,True,4949,False,smart_sign,467,Gießen,34,"91032, 91300, 91281, 91274, 91252, 91241, 91224, 91220, 91202, 91178, 91149, 91145, 91133, 91128, 91367, 386109, 91098, 91094, 91089, 91075, 386101, 91049, 91034, 91027, 91342, 91312, 91307, 91303, 386056, 386037, 386003, 386000, 91265, 386166"
2024-12-28T21:57:00,3397562,39051609,50.585137,8.671877,Bahnhofstraße,True,4949,False,smart_sign,467,Gießen,35,"91178, 91098, 91202, 91220, 91303, 91300, 91281, 91274, 91252, 91241, 386058, 386056, 386037, 386003, 386000, 91265, 386107, 386109, 91367, 91128, 91133, 91145, 91149, 91075, 386101, 91049, 91034, 91032, 91027, 91342, 91312, 91307, 91224, 91089, 91094"
2024-12-28T22:42:00,3397562,39051609,50.585137,8.671877,Bahnhofstraße,True,4949,False,smart_sign,467,Gießen,36,"91098, 91300, 91281, 91274, 91252, 91241, 91224, 91220, 91202, 386107, 91178, 91149, 91145, 91133, 91128, 91108, 91367, 386109, 91094, 91089, 91075, 386101, 91049, 91034, 91032, 91027, 91342, 91312, 91307, 91303, 386058, 386056, 386037, 386003, 386000, 91265"
2024-12-28T22:57:00,3397562,39051609,50.585137,8.671877,Bahnhofstraße,True,4949,False,smart_sign,467,Gießen,37,"386109, 91098, 91094, 91089, 91075, 386101, 91049, 91034, 91032, 91027, 91342, 91312, 91307, 91303, 386058, 386056, 386037, 386003, 386000, 91265, 91149, 91300, 91281, 91145, 91133, 91128, 91108, 91367, 91220, 91202, 386107, 91178, 91158, 91252, 91274, 91241, 91224"
2024-12-28T00:00:00,3397563,63085276,50.564109,8.677573,Leihgesterner Weg / Unterhof,True,4950,False,free,467,Gießen,2,"91269, 91023"
2024-12-28T06:26:00,3397563,63085276,50.564109,8.677573,Leihgesterner Weg / Unterhof,True,4950,False,free,467,Gießen,1,91023
2024-12-28T07:39:00,3397563,63085276,50.564109,8.677573,Leihgesterner Weg / Unterhof,True,4950,False,free,467,Gießen,2,"91241, 91023"
2024-12-28T07:48:00,3397563,63085276,50.564109,8.677573,Leihgesterner Weg / Unterhof,True,4950,False,free,467,Gießen,1,91023
2024-12-28T09:33:00,3397563,63085276,50.564109,8.677573,Leihgesterner Weg / Unterhof,True,4950,False,free,467,Gießen,0,
2024-12-28T12:07:00,3397563,63085276,50.564109,8.677573,Leihgesterner Weg / Unterhof,True,4950,False,free,467,Gießen,1,91190
2024-12-28T12:29:00,3397563,63085276,50.564109,8.677573,Leihgesterner Weg / Unterhof,True,4950,False,free,467,Gießen,2,"91086, 91190"
2024-12-28T12:32:00,3397563,63085276,50.564109,8.677573,Leihgesterner Weg / Unterhof,True,4950,False,free,467,Gießen,0,
2024-12-28T17:05:00,3397563,63085276,50.564109,8.677573,Leihgesterner Weg / Unterhof,True,4950,False,free,467,Gießen,1,91086
2024-12-28T19:44:00,3397563,63085276,50.564109,8.677573,Leihgesterner Weg / Unterhof,True,4950,False,free,467,Gießen,0,
2024-12-28T23:45:00,3397563,63085276,50.564109,8.677573,Leihgesterner Weg / Unterhof,True,4950,False,free,467,Gießen,1,386089
2024-12-28T00:00:00,3397564,63085409,50.58266,8.70796,Eichendorffring,True,4951,False,free,467,Gießen,2,"386041, 386173"
2024-12-28T00:48:00,3397564,63085409,50.58266,8.70796,Eichendorffring,True,4951,False,free,467,Gießen,3,"386101, 386041, 386173"
2024-12-28T02:47:00,3397564,63085409,50.58266,8.70796,Eichendorffring,True,4951,False,free,467,Gießen,2,"386101, 386173"
2024-12-28T11:21:00,3397564,63085409,50.58266,8.70796,Eichendorffring,True,4951,False,free,467,Gießen,1,386101
2024-12-28T11:40:00,3397564,63085409,50.58266,8.70796,Eichendorffring,True,4951,False,free,467,Gießen,0,
2024-12-28T12:10:00,3397564,63085409,50.58266,8.70796,Eichendorffring,True,4951,False,free,467,Gießen,1,386101
2024-12-28T12:23:00,3397564,63085409,50.58266,8.70796,Eichendorffring,True,4951,False,free,467,Gießen,0,
2024-12-28T12:49:00,3397564,63085409,50.58266,8.70796,Eichendorffring,True,4951,False,free,467,Gießen,1,386101
2024-12-28T13:24:00,3397564,63085409,50.58266,8.70796,Eichendorffring,True,4951,False,free,467,Gießen,0,
2024-12-28T16:23:00,3397564,63085409,50.58266,8.70796,Eichendorffring,True,4951,False,free,467,Gießen,1,386300
2024-12-28T16:30:00,3397564,63085409,50.58266,8.70796,Eichendorffring,True,4951,False,free,467,Gießen,0,
2024-12-28T16:41:00,3397564,63085409,50.58266,8.70796,Eichendorffring,True,4951,False,free,467,Gießen,1,386300
2024-12-28T17:16:00,3397564,63085409,50.58266,8.70796,Eichendorffring,True,4951,False,free,467,Gießen,2,"386087, 386300"
2024-12-28T17:25:00,3397564,63085409,50.58266,8.70796,Eichendorffring,True,4951,False,free,467,Gießen,1,386300
2024-12-28T17:44:00,3397564,63085409,50.58266,8.70796,Eichendorffring,True,4951,False,free,467,Gießen,2,"386300, 386087"
2024-12-28T18:31:00,3397564,63085409,50.58266,8.70796,Eichendorffring,True,4951,False,free,467,Gießen,1,386300
2024-12-28T19:20:00,3397564,63085409,50.58266,8.70796,Eichendorffring,True,4951,False,free,467,Gießen,2,"386300, 91173"
2024-12-28T19:36:00,3397564,63085409,50.58266,8.70796,Eichendorffring,True,4951,False,free,467,Gießen,1,91173
2024-12-28T19:39:00,3397564,63085409,50.58266,8.70796,Eichendorffring,True,4951,False,free,467,Gießen,0,
2024-12-28T20:47:00,3397564,63085409,50.58266,8.70796,Eichendorffring,True,4951,False,free,467,Gießen,1,386300
2024-12-28T20:50:00,3397564,63085409,50.58266,8.70796,Eichendorffring,True,4951,False,free,467,Gießen,2,"386300, 386166"
2024-12-28T20:51:00,3397564,63085409,50.58266,8.70796,Eichendorffring,True,4951,False,free,467,Gießen,1,386300
2024-12-28T21:04:00,3397564,63085409,50.58266,8.70796,Eichendorffring,True,4951,False,free,467,Gießen,2,"386300, 91201"
2024-12-28T21:10:00,3397564,63085409,50.58266,8.70796,Eichendorffring,True,4951,False,free,467,Gießen,3,"91201, 386300, 386166"
2024-12-28T00:00:00,3397565,63085530,50.585204,8.71319,Grünberger Straße,True,4952,False,free,467,Gießen,0,
2024-12-28T11:24:00,3397565,63085530,50.585204,8.71319,Grünberger Straße,True,4952,False,free,467,Gießen,5,"386195, 386198, 386199, 91195, 386187"
2024-12-28T11:26:00,3397565,63085530,50.585204,8.71319,Grünberger Straße,True,4952,False,free,467,Gießen,6,"386199, 386198, 91195, 91189, 386195, 386187"
2024-12-28T16:37:00,3397565,63085530,50.585204,8.71319,Grünberger Straße,True,4952,False,free,467,Gießen,2,"386187, 386199"
2024-12-28T00:00:00,3397566,199524500,50.588952,8.672911,Dammstraße / Nordanlage CARGO,True,4953,False,free,467,Gießen,4,"91237, 91357, 386203, 91273"
2024-12-28T01:01:00,3397566,199524500,50.588952,8.672911,Dammstraße / Nordanlage CARGO,True,4953,False,free,467,Gießen,7,"91237, 91273, 386203, 386162, 386046, 91357, 386100"
2024-12-28T13:19:00,3397566,199524500,50.588952,8.672911,Dammstraße / Nordanlage CARGO,True,4953,False,free,467,Gießen,8,"386100, 91357, 386046, 386162, 386157, 386203, 91237, 91273"
2024-12-28T17:04:00,3397566,199524500,50.588952,8.672911,Dammstraße / Nordanlage CARGO,True,4953,False,free,467,Gießen,9,"386100, 91273, 91237, 91357, 386046, 386188, 386162, 386157, 386203"
2024-12-28T21:34:00,3397566,199524500,50.588952,8.672911,Dammstraße / Nordanlage CARGO,True,4953,False,free,467,Gießen,10,"386162, 91204, 91237, 91273, 386203, 386157, 386188, 386046, 91357, 386100"
2024-12-28T00:00:00,3397567,320948129,50.578991,8.664509,Bahnhof / Alter Wetzlarer Weg CARGO,True,4954,False,free,467,Gießen,1,386201
2024-12-28T05:23:00,3397567,320948129,50.578991,8.664509,Bahnhof / Alter Wetzlarer Weg CARGO,True,4954,False,free,467,Gießen,2,"386035, 386201"
2024-12-28T08:21:00,3397567,320948129,50.578991,8.664509,Bahnhof / Alter Wetzlarer Weg CARGO,True,4954,False,free,467,Gießen,3,"386035, 386201, 91241"
2024-12-28T09:49:00,3397567,320948129,50.578991,8.664509,Bahnhof / Alter Wetzlarer Weg CARGO,True,4954,False,free,467,Gießen,4,"386035, 386201, 91023, 91241"
2024-12-28T10:08:00,3397567,320948129,50.578991,8.664509,Bahnhof / Alter Wetzlarer Weg CARGO,True,4954,False,free,467,Gießen,3,"386201, 91023, 386035"
2024-12-28T12:41:00,3397567,320948129,50.578991,8.664509,Bahnhof / Alter Wetzlarer Weg CARGO,True,4954,False,free,467,Gießen,2,"386201, 91023"
2024-12-28T12:42:00,3397567,320948129,50.578991,8.664509,Bahnhof / Alter Wetzlarer Weg CARGO,True,4954,False,free,467,Gießen,3,"91190, 91023, 386201"
2024-12-28T12:43:00,3397567,320948129,50.578991,8.664509,Bahnhof / Alter Wetzlarer Weg CARGO,True,4954,False,free,467,Gießen,4,"386201, 91190, 91086, 91023"
2024-12-28T13:16:00,3397567,320948129,50.578991,8.664509,Bahnhof / Alter Wetzlarer Weg CARGO,True,4954,False,free,467,Gießen,3,"386201, 91190, 91023"
2024-12-28T13:43:00,3397567,320948129,50.578991,8.664509,Bahnhof / Alter Wetzlarer Weg CARGO,True,4954,False,free,467,Gießen,2,"91023, 386201"
2024-12-28T14:30:00,3397567,320948129,50.578991,8.664509,Bahnhof / Alter Wetzlarer Weg CARGO,True,4954,False,free,467,Gießen,1,386201
2024-12-28T16:08:00,3397567,320948129,50.578991,8.664509,Bahnhof / Alter Wetzlarer Weg CARGO,True,4954,False,free,467,Gießen,2,"386201, 91012"
2024-12-28T17:19:00,3397567,320948129,50.578991,8.664509,Bahnhof / Alter Wetzlarer Weg CARGO,True,4954,False,free,467,Gießen,1,386201
2024-12-28T00:00:00,3397568,373906191,50.581152,8.664379,Bahnhof/ Hinter der neuen Post,True,4955,False,free,467,Gießen,0,
2024-12-28T00:28:00,3397568,373906191,50.581152,8.664379,Bahnhof/ Hinter der neuen Post,True,4955,False,free,467,Gießen,1,91315
2024-12-28T00:00:00,3397569,410301475,50.586566,8.67686,Botanischer Garten,True,4957,False,free,467,Gießen,8,"91080, 91278, 91254, 386022, 91212, 91313, 91011, 91016"
2024-12-28T00:59:00,3397569,410301475,50.586566,8.67686,Botanischer Garten,True,4957,False,free,467,Gießen,7,"91278, 91212, 91080, 91016, 91011, 91313, 386022"
2024-12-28T04:37:00,3397569,410301475,50.586566,8.67686,Botanischer Garten,True,4957,False,free,467,Gießen,8,"91313, 91011, 91016, 386167, 91212, 91278, 91080, 386022"
2024-12-28T05:59:00,3397569,410301475,50.586566,8.67686,Botanischer Garten,True,4957,False,free,467,Gießen,9,"91313, 91278, 91254, 91212, 91080, 91016, 91011, 386022, 386167"
2024-12-28T14:29:00,3397569,410301475,50.586566,8.67686,Botanischer Garten,True,4957,False,free,467,Gießen,8,"91313, 91278, 386167, 91254, 91212, 91080, 386022, 91016"
2024-12-28T17:34:00,3397569,410301475,50.586566,8.67686,Botanischer Garten,True,4957,False,free,467,Gießen,9,"91278, 386167, 386022, 91254, 91212, 91080, 91016, 91313, 386081"
2024-12-28T17:49:00,3397569,410301475,50.586566,8.67686,Botanischer Garten,True,4957,False,free,467,Gießen,10,"386022, 386167, 91231, 91254, 91278, 91212, 91080, 91016, 91313, 386081"
2024-12-28T00:00:00,3397570,410303716,50.588971,8.662469,Rodheimer Straße,True,4958,False,free,467,Gießen,8,"91238, 91276, 386118, 386177, 386302, 386110, 91160, 91229"
2024-12-28T00:04:00,3397570,410303716,50.588971,8.662469,Rodheimer Straße,True,4958,False,free,467,Gießen,9,"91229, 91238, 91276, 386110, 91160, 386302, 386177, 386118, 91164"
2024-12-28T00:05:00,3397570,410303716,50.588971,8.662469,Rodheimer Straße,True,4958,False,free,467,Gießen,10,"91276, 386302, 91327, 386118, 386110, 91160, 91164, 91229, 386177, 91238"
2024-12-28T01:09:00,3397570,410303716,50.588971,8.662469,Rodheimer Straße,True,4958,False,free,467,Gießen,12,"386177, 91276, 91229, 91238, 91164, 91160, 386110, 386118, 91327, 386302, 386021, 386184"
2024-12-28T09:10:00,3397570,410303716,50.588971,8.662469,Rodheimer Straße,True,4958,False,free,467,Gießen,11,"386118, 386177, 386021, 386302, 91327, 91276, 91164, 91229, 91238, 91160, 386110"
2024-12-28T09:33:00,3397570,410303716,50.588971,8.662469,Rodheimer Straße,True,4958,False,free,467,Gießen,12,"386184, 386177, 91327, 386302, 91276, 386021, 386110, 91160, 386118, 91164, 91238, 91229"
2024-12-28T12:36:00,3397570,410303716,50.588971,8.662469,Rodheimer Straße,True,4958,False,free,467,Gießen,11,"386177, 91276, 91160, 91164, 91229, 91238, 386110, 386118, 91327, 386302, 386184"
2024-12-28T12:51:00,3397570,410303716,50.588971,8.662469,Rodheimer Straße,True,4958,False,free,467,Gießen,10,"386302, 91327, 386118, 386110, 91160, 91164, 91229, 91238, 91276, 386177"
2024-12-28T13:52:00,3397570,410303716,50.588971,8.662469,Rodheimer Straße,True,4958,False,free,467,Gießen,11,"386302, 386184, 386177, 91238, 91276, 91229, 91164, 91160, 386110, 386118, 91327"
2024-12-28T15:03:00,3397570,410303716,50.588971,8.662469,Rodheimer Straße,True,4958,False,free,467,Gießen,12,"386118, 386065, 91327, 386302, 386177, 386184, 91276, 91238, 91229, 91164, 91160, 386110"
2024-12-28T16:08:00,3397570,410303716,50.588971,8.662469,Rodheimer Straße,True,4958,False,free,467,Gießen,11,"386177, 386184, 386302, 386118, 386110, 91276, 91160, 91164, 91229, 91238, 91327"
2024-12-28T00:00:00,3397571,448135955,50.585716,8.657575,An den Hessenhallen,True,4959,False,free,467,Gießen,37,"386066, 386045, 386042, 386040, 386036, 386034, 386030, 386020, 386175, 386164, 386153, 386150, 386023, 91271, 91250, 91225, 91221, 91210, 91188, 91184, 91181, 91132, 91104, 91102, 91083, 91076, 91056, 91052, 91045, 91005, 91353, 91331, 91304, 386099, 386096, 386077, 386070"
2024-12-28T07:57:00,3397571,448135955,50.585716,8.657575,An den Hessenhallen,True,4959,False,free,467,Gießen,36,"91353, 91331, 91304, 386099, 386096, 386077, 386070, 386066, 386045, 386042, 386040, 386036, 386034, 386030, 386023, 386020, 386175, 386164, 386153, 91271, 91250, 91225, 91188, 91184, 91181, 91132, 91104, 91102, 91083, 91076, 91056, 91052, 91045, 91005, 91221, 91210"
2024-12-28T14:08:00,3397571,448135955,50.585716,8.657575,An den Hessenhallen,True,4959,False,free,467,Gießen,37,"91102, 91083, 91076, 91066, 91056, 91052, 91045, 91005, 91353, 91331, 91304, 386099, 386096, 386077, 386070, 386066, 386045, 386042, 386040, 386036, 386034, 386030, 386023, 386020, 386164, 386153, 386175, 91271, 91250, 91225, 91221, 91210, 91188, 91184, 91181, 91132, 91104"
2024-12-28T16:35:00,3397571,448135955,50.585716,8.657575,An den Hessenhallen,True,4959,False,free,467,Gießen,36,"386040, 91271, 91250, 91225, 91221, 91210, 91188, 91184, 91181, 91132, 91104, 91102, 91076, 91066, 91056, 91052, 91045, 91005, 91353, 91331, 91304, 386099, 386096, 386077, 386070, 386066, 386045, 386042, 386036, 386034, 386030, 386023, 386020, 386175, 386164, 386153"
2024-12-28T00:00:00,3397572,457276510,50.590141,8.684306,Badezentrum Ringallee,True,4960,False,free,467,Gießen,2,"386010, 91343"
2024-12-28T16:08:00,3397572,457276510,50.590141,8.684306,Badezentrum Ringallee,True,4960,False,free,467,Gießen,3,"91343, 386010, 386166"
2024-12-28T17:40:00,3397572,457276510,50.590141,8.684306,Badezentrum Ringallee,True,4960,False,free,467,Gießen,2,"386010, 91343"
2024-12-28T00:00:00,3397573,457277430,50.58871,8.679618,Landgericht,True,4961,False,free,467,Gießen,9,"386061, 386073, 386093, 386178, 91040, 91165, 91233, 91001, 386043"
2024-12-28T20:11:00,3397573,457277430,50.58871,8.679618,Landgericht,True,4961,False,free,467,Gießen,8,"386178, 386043, 386061, 386073, 91001, 91040, 91165, 91233"
2024-12-28T00:00:00,3397574,457278656,50.565941,8.65186,Kleinlinden Autobahnbrücke,True,4962,False,free,467,Gießen,34,"91274, 91296, 386103, 91286, 91285, 91268, 91231, 91228, 91163, 91154, 91142, 91140, 91136, 91120, 91113, 91108, 91103, 91078, 91037, 91024, 91017, 91007, 91305, 386078, 386065, 386058, 386056, 386048, 386039, 386035, 386033, 386026, 386000, 386190"
2024-12-28T05:15:00,3397574,457278656,50.565941,8.65186,Kleinlinden Autobahnbrücke,True,4962,False,free,467,Gießen,33,"386065, 91296, 386103, 91286, 91285, 91274, 91268, 91231, 91228, 91163, 91154, 91142, 91140, 91136, 91120, 91113, 91108, 91103, 91078, 91037, 91024, 91017, 91007, 91305, 386078, 386058, 386056, 386048, 386039, 386033, 386026, 386000, 386190"
2024-12-28T09:43:00,3397574,457278656,50.565941,8.65186,Kleinlinden Autobahnbrücke,True,4962,False,free,467,Gießen,32,"386190, 91296, 386103, 91286, 91274, 91268, 91231, 91228, 91163, 91154, 91142, 91140, 91136, 91120, 91113, 91108, 91103, 91078, 91037, 91024, 91017, 91007, 91305, 386078, 386065, 386058, 386056, 386048, 386039, 386033, 386026, 386000"
2024-12-28T09:46:00,3397574,457278656,50.565941,8.65186,Kleinlinden Autobahnbrücke,True,4962,False,free,467,Gießen,33,"386026, 91296, 386103, 91286, 91285, 91274, 91268, 91231, 91228, 91163, 91154, 91142, 91140, 91136, 91120, 91113, 91108, 91103, 91078, 91037, 91024, 91017, 91007, 91305, 386078, 386065, 386058, 386056, 386048, 386039, 386033, 386000, 386190"
2024-12-28T11:53:00,3397574,457278656,50.565941,8.65186,Kleinlinden Autobahnbrücke,True,4962,False,free,467,Gießen,23,"91136, 91296, 386103, 91274, 91268, 91231, 91228, 91163, 91154, 91142, 91140, 91120, 91108, 91078, 91037, 91024, 91017, 91305, 386078, 386065, 386058, 386039, 386000"
2024-12-28T12:05:00,3397574,457278656,50.565941,8.65186,Kleinlinden Autobahnbrücke,True,4962,False,free,467,Gießen,13,"91078, 91037, 91017, 386065, 386000, 386103, 91296, 91274, 91228, 91154, 91140, 91136, 91120"
2024-12-28T12:06:00,3397574,457278656,50.565941,8.65186,Kleinlinden Autobahnbrücke,True,4962,False,free,467,Gießen,10,"91017, 386000, 386103, 91296, 91274, 91228, 91154, 91140, 91136, 91120"
2024-12-28T12:46:00,3397574,457278656,50.565941,8.65186,Kleinlinden Autobahnbrücke,True,4962,False,free,467,Gießen,8,"91120, 91296, 386103, 91228, 91154, 91140, 91136, 91017"
2024-12-28T14:37:00,3397574,457278656,50.565941,8.65186,Kleinlinden Autobahnbrücke,True,4962,False,free,467,Gießen,9,"91154, 91296, 386103, 91228, 91140, 91136, 91120, 91023, 91017"
2024-12-28T21:36:00,3397574,457278656,50.565941,8.65186,Kleinlinden Autobahnbrücke,True,4962,False,free,467,Gießen,8,"91017, 91120, 91136, 91140, 91154, 91228, 386103, 91296"
2024-12-28T00:00:00,3397575,457279354,50.592037,8.66542,Schützenstraße,True,4963,False,free,467,Gießen,25,"91336, 91335, 386304, 91324, 91323, 386092, 386090, 386088, 386080, 386060, 386197, 386179, 386156, 386151, 91337, 91341, 91345, 91013, 386123, 91121, 91187, 91201, 91232, 386126, 91289"
2024-12-28T09:16:00,3397575,457279354,50.592037,8.66542,Schützenstraße,True,4963,False,free,467,Gießen,24,"386156, 386123, 91013, 91345, 386304, 91324, 91323, 386092, 386090, 386088, 386080, 386060, 386197, 386179, 91121, 386151, 91337, 91341, 91336, 91335, 91289, 386126, 91232, 91187"
2024-12-28T11:42:00,3397575,457279354,50.592037,8.66542,Schützenstraße,True,4963,False,free,467,Gießen,25,"91341, 386090, 386092, 91323, 91324, 386304, 91335, 91336, 91337, 386151, 386156, 386179, 386194, 386197, 386060, 386080, 386088, 91289, 386126, 91232, 91187, 91121, 386123, 91013, 91345"
2024-12-28T13:17:00,3397575,457279354,50.592037,8.66542,Schützenstraße,True,4963,False,free,467,Gießen,24,"91341, 91337, 91336, 91335, 386304, 91324, 91323, 386092, 386090, 386088, 386080, 386060, 386197, 386179, 386156, 386151, 91345, 91013, 386123, 91121, 91187, 91232, 386126, 91289"
2024-12-28T14:51:00,3397575,457279354,50.592037,8.66542,Schützenstraße,True,4963,False,free,467,Gießen,23,"386088, 386080, 386060, 386197, 386179, 386156, 386151, 91232, 386126, 91289, 91013, 91341, 91337, 91336, 91335, 386304, 91324, 91323, 386092, 91187, 91121, 386123, 91345"
2024-12-28T14:52:00,3397575,457279354,50.592037,8.66542,Schützenstraße,True,4963,False,free,467,Gießen,22,"386060, 386197, 386179, 386156, 386151, 91341, 91336, 91335, 386304, 91324, 91323, 386092, 386088, 386080, 91289, 386126, 91232, 91187, 91121, 91013, 91345, 91337"
2024-12-28T15:23:00,3397575,457279354,50.592037,8.66542,Schützenstraße,True,4963,False,free,467,Gießen,21,"91337, 91336, 91335, 386304, 91324, 91323, 386092, 386088, 386080, 386060, 386197, 386179, 386156, 386126, 91232, 91187, 91289, 91121, 91013, 91345, 91341"
2024-12-28T16:01:00,3397575,457279354,50.592037,8.66542,Schützenstraße,True,4963,False,free,467,Gießen,22,"91337, 91336, 91335, 386304, 91324, 91323, 386092, 386088, 386080, 386060, 386197, 386179, 386156, 386151, 91341, 91345, 91013, 91121, 91187, 91232, 386126, 91289"
2024-12-28T17:30:00,3397575,457279354,50.592037,8.66542,Schützenstraße,True,4963,False,free,467,Gießen,23,"386179, 386151, 386156, 91289, 386126, 91232, 91187, 91121, 91037, 91013, 91345, 91341, 91337, 91336, 91335, 386304, 91324, 91323, 386092, 386088, 386080, 386060, 386197"
2024-12-28T18:25:00,3397575,457279354,50.592037,8.66542,Schützenstraße,True,4963,False,free,467,Gießen,25,"386197, 91289, 386126, 91232, 91187, 91121, 386123, 91037, 91013, 91345, 91341, 91337, 91336, 91335, 91334, 386304, 91324, 91323, 386092, 386088, 386080, 386060, 386179, 386156, 386151"
2024-12-28T18:33:00,3397575,457279354,50.592037,8.66542,Schützenstraße,True,4963,False,free,467,Gießen,23,"91187, 91121, 91037, 91013, 91345, 91341, 91337, 91336, 91335, 386197, 386179, 386156, 386088, 386080, 386092, 386060, 91323, 91324, 386304, 91334, 91289, 386126, 91232"
2024-12-28T20:13:00,3397575,457279354,50.592037,8.66542,Schützenstraße,True,4963,False,free,467,Gießen,22,"386197, 386179, 386156, 91334, 91289, 386126, 91232, 91187, 91121, 91037, 91013, 91345, 91341, 91337, 91336, 91335, 386304, 91324, 91323, 386092, 386088, 386060"
2024-12-28T20:20:00,3397575,457279354,50.592037,8.66542,Schützenstraße,True,4963,False,free,467,Gießen,23,"91232, 91289, 386126, 91187, 91121, 91037, 91013, 91345, 91341, 91337, 91336, 91335, 91334, 386304, 91324, 91323, 386093, 386092, 386088, 386060, 386197, 386179, 386156"
2024-12-28T20:36:00,3397575,457279354,50.592037,8.66542,Schützenstraße,True,4963,False,free,467,Gießen,24,"386080, 386060, 386197, 386179, 386156, 386304, 91289, 386126, 91232, 91187, 91121, 91037, 91013, 91345, 91341, 91337, 91336, 91335, 91334, 91324, 91323, 386093, 386092, 386088"
2024-12-28T22:02:00,3397575,457279354,50.592037,8.66542,Schützenstraße,True,4963,False,free,467,Gießen,25,"91336, 91289, 386126, 91232, 91187, 386108, 91121, 91037, 91013, 91345, 91341, 91337, 91335, 91334, 386304, 91324, 91323, 386093, 386092, 386088, 386080, 386060, 386197, 386179, 386156"
2024-12-28T23:10:00,3397575,457279354,50.592037,8.66542,Schützenstraße,True,4963,False,free,467,Gießen,24,"91336, 91335, 91334, 386304, 91324, 91323, 386093, 386092, 386088, 386080, 386060, 386197, 386179, 91341, 91345, 91013, 91037, 91121, 386108, 91187, 91232, 386126, 91289, 91337"
2024-12-28T23:11:00,3397575,457279354,50.592037,8.66542,Schützenstraße,True,4963,False,free,467,Gießen,25,"91337, 91336, 91335, 91334, 386304, 91324, 91323, 386093, 386092, 386088, 386080, 386060, 386197, 386179, 386156, 91341, 91345, 91013, 91037, 91121, 386108, 91187, 91232, 386126, 91289"
2024-12-28T00:00:00,3397576,457280874,50.584309,8.66348,Stadtwerke Gießen,True,4964,False,free,467,Gießen,8,"91366, 386053, 91041, 91279, 91247, 91179, 91138, 91130"
2024-12-28T00:00:00,3397577,466717105,50.581759,8.670118,Elefantenklo / Frankfurter Straße,True,4965,False,free,467,Gießen,31,"386100, 91063, 386101, 386115, 91042, 91358, 91339, 91338, 91316, 386303, 91301, 386087, 386046, 386044, 386013, 386009, 386007, 386170, 91272, 386162, 386168, 91266, 91255, 91198, 91186, 91174, 91134, 386113, 91293, 91292, 91287"
2024-12-28T00:32:00,3397577,466717105,50.581759,8.670118,Elefantenklo / Frankfurter Straße,True,4965,False,free,467,Gießen,30,"386100, 91063, 386115, 91042, 91358, 91339, 91338, 91316, 386303, 91301, 91272, 386046, 386044, 386013, 386009, 386007, 386170, 386168, 386162, 386087, 91266, 91255, 91198, 91186, 91174, 91134, 386113, 91287, 91292, 91293"
2024-12-28T00:55:00,3397577,466717105,50.581759,8.670118,Elefantenklo / Frankfurter Straße,True,4965,False,free,467,Gießen,29,"386303, 91293, 91292, 91287, 91272, 91266, 91255, 91198, 91186, 91174, 91134, 386113, 386100, 91063, 386115, 91042, 91358, 91339, 91338, 91316, 91301, 386087, 386046, 386044, 386013, 386009, 386007, 386170, 386168"
2024-12-28T00:56:00,3397577,466717105,50.581759,8.670118,Elefantenklo / Frankfurter Straße,True,4965,False,free,467,Gießen,27,"91174, 91186, 91198, 91358, 91339, 91338, 91316, 386303, 91301, 386087, 386044, 386013, 386009, 386007, 386170, 386168, 386115, 91042, 91063, 91293, 91292, 91287, 91272, 91266, 91255, 386113, 91134"
2024-12-28T02:37:00,3397577,466717105,50.581759,8.670118,Elefantenklo / Frankfurter Straße,True,4965,False,free,467,Gießen,26,"91292, 91293, 91272, 91266, 91255, 91198, 91186, 91174, 91134, 386113, 91063, 386115, 91042, 91358, 91339, 91338, 91316, 386303, 91301, 386087, 386044, 386013, 386009, 386007, 386170, 386168"
2024-12-28T02:46:00,3397577,466717105,50.581759,8.670118,Elefantenklo / Frankfurter Straße,True,4965,False,free,467,Gießen,25,"386044, 386013, 386009, 386007, 386170, 386168, 91339, 91316, 386303, 91301, 386087, 91293, 91292, 91272, 91042, 91358, 91338, 91198, 91186, 91174, 91134, 386113, 91266, 91063, 386115"
2024-12-28T02:47:00,3397577,466717105,50.581759,8.670118,Elefantenklo / Frankfurter Straße,True,4965,False,free,467,Gießen,24,"386168, 91293, 91292, 91272, 91266, 91186, 91174, 91134, 386113, 91063, 386115, 91042, 91358, 91339, 91338, 91316, 386303, 91301, 386087, 386044, 386013, 386009, 386007, 386170"
2024-12-28T06:28:00,3397577,466717105,50.581759,8.670118,Elefantenklo / Frankfurter Straße,True,4965,False,free,467,Gießen,25,"386009, 91293, 91292, 91272, 91266, 91255, 91186, 91174, 91134, 386113, 91063, 386115, 91042, 91358, 91339, 91338, 91325, 91316, 386303, 91301, 386044, 386013, 386007, 386170, 386168"
2024-12-28T07:32:00,3397577,466717105,50.581759,8.670118,Elefantenklo / Frankfurter Straße,True,4965,False,free,467,Gießen,26,"91358, 91293, 91292, 91272, 91266, 91255, 91186, 91174, 91173, 91134, 386113, 91063, 386115, 91042, 91339, 91338, 91325, 91316, 386303, 91301, 386044, 386013, 386009, 386007, 386170, 386168"
2024-12-28T10:40:00,3397577,466717105,50.581759,8.670118,Elefantenklo / Frankfurter Straße,True,4965,False,free,467,Gießen,25,"91301, 91293, 91292, 91272, 91266, 91255, 91186, 91174, 91173, 91134, 386113, 91063, 386115, 91042, 91358, 91339, 91338, 91325, 91316, 386303, 386044, 386013, 386009, 386170, 386168"
2024-12-28T11:43:00,3397577,466717105,50.581759,8.670118,Elefantenklo / Frankfurter Straße,True,4965,False,free,467,Gießen,24,"91134, 386113, 91063, 386115, 91042, 91358, 91339, 91338, 91293, 91316, 386303, 91301, 386044, 386013, 386009, 386170, 91325, 91292, 91272, 91266, 91255, 91186, 91174, 91173"
2024-12-28T11:44:00,3397577,466717105,50.581759,8.670118,Elefantenklo / Frankfurter Straße,True,4965,False,free,467,Gießen,23,"91325, 91316, 386303, 91301, 386013, 386009, 386170, 91134, 91063, 386115, 91042, 91293, 91358, 91339, 91338, 91255, 91186, 91174, 91173, 386113, 91292, 91272, 91266"
2024-12-28T12:55:00,3397577,466717105,50.581759,8.670118,Elefantenklo / Frankfurter Straße,True,4965,False,free,467,Gießen,24,"91134, 386113, 91063, 386115, 91042, 91358, 91339, 91338, 91325, 91316, 386303, 91301, 386013, 386009, 386170, 91293, 91290, 91272, 91266, 91255, 91186, 91174, 91173, 91292"
2024-12-28T13:48:00,3397577,466717105,50.581759,8.670118,Elefantenklo / Frankfurter Straße,True,4965,False,free,467,Gießen,25,"91190, 91293, 91292, 91290, 91272, 91266, 91255, 91186, 91174, 91173, 91134, 386113, 91063, 386115, 91042, 91358, 91339, 91338, 91325, 91316, 386303, 91301, 386013, 386009, 386170"
2024-12-28T14:39:00,3397577,466717105,50.581759,8.670118,Elefantenklo / Frankfurter Straße,True,4965,False,free,467,Gießen,26,"91174, 91173, 91134, 386113, 91063, 386115, 91042, 91358, 91339, 91293, 91325, 91316, 386303, 91301, 386026, 386013, 386009, 386170, 91338, 91292, 91290, 91272, 91266, 91255, 91190, 91186"
2024-12-28T15:49:00,3397577,466717105,50.581759,8.670118,Elefantenklo / Frankfurter Straße,True,4965,False,free,467,Gießen,25,"91186, 91173, 91174, 91339, 91338, 91325, 91316, 386303, 91301, 386026, 386013, 386009, 91292, 91134, 386113, 91063, 386115, 91042, 91358, 91190, 91255, 91266, 91272, 91290, 91293"
2024-12-28T16:19:00,3397577,466717105,50.581759,8.670118,Elefantenklo / Frankfurter Straße,True,4965,False,free,467,Gießen,26,"91174, 91293, 91292, 91290, 91272, 91266, 91255, 91190, 91186, 91173, 91134, 386113, 91063, 386115, 91042, 91358, 91339, 91338, 91325, 91316, 386303, 91301, 386026, 386013, 386009, 386170"
2024-12-28T18:45:00,3397577,466717105,50.581759,8.670118,Elefantenklo / Frankfurter Straße,True,4965,False,free,467,Gießen,25,"91325, 91293, 91292, 91290, 91272, 91266, 91255, 91190, 91186, 91174, 91134, 386113, 91063, 386115, 91042, 91358, 91339, 91338, 91316, 386303, 91301, 386026, 386013, 386009, 386170"
2024-12-28T21:15:00,3397577,466717105,50.581759,8.670118,Elefantenklo / Frankfurter Straße,True,4965,False,free,467,Gießen,26,"91042, 91024, 91358, 91339, 91338, 91325, 91316, 386303, 91301, 386026, 386013, 386009, 386170, 91266, 91190, 91186, 91174, 91134, 386113, 91063, 386115, 91292, 91290, 91272, 91255, 91293"
2024-12-28T22:05:00,3397577,466717105,50.581759,8.670118,Elefantenklo / Frankfurter Straße,True,4965,False,free,467,Gießen,25,"91024, 91358, 91339, 91338, 91325, 91316, 386303, 91301, 91190, 386013, 386009, 386170, 91255, 91266, 91290, 91292, 91293, 386026, 91186, 91174, 91134, 386113, 91063, 386115, 91042"
2024-12-28T22:06:00,3397577,466717105,50.581759,8.670118,Elefantenklo / Frankfurter Straße,True,4965,False,free,467,Gießen,26,"91174, 91293, 91292, 91290, 91272, 91266, 91255, 91190, 91186, 91134, 386113, 91063, 386115, 91042, 91024, 91358, 91339, 91338, 91325, 91316, 386303, 91301, 386026, 386013, 386009, 386170"
2024-12-28T00:00:00,3397578,474323909,50.585692,8.67637,Neuen Bäue CARGO,True,4966,False,free,467,Gießen,3,"386202, 386011, 386057"
2024-12-28T08:22:00,3397578,474323909,50.585692,8.67637,Neuen Bäue CARGO,True,4966,False,free,467,Gießen,4,"386202, 386011, 386057, 386108"
2024-12-28T10:26:00,3397578,474323909,50.585692,8.67637,Neuen Bäue CARGO,True,4966,False,free,467,Gießen,5,"386011, 386202, 91330, 386057, 386108"
2024-12-28T17:30:00,3397578,474323909,50.585692,8.67637,Neuen Bäue CARGO,True,4966,False,free,467,Gießen,4,"386108, 91330, 386057, 386202"
2024-12-28T17:48:00,3397578,474323909,50.585692,8.67637,Neuen Bäue CARGO,True,4966,False,free,467,Gießen,5,"91265, 386202, 386108, 91330, 386057"
2024-12-28T18:36:00,3397578,474323909,50.585692,8.67637,Neuen Bäue CARGO,True,4966,False,free,467,Gießen,4,"91330, 386108, 386202, 386057"
2024-12-28T21:54:00,3397578,474323909,50.585692,8.67637,Neuen Bäue CARGO,True,4966,False,free,467,Gießen,3,"91330, 386057, 386202"
2024-12-28T00:00:00,3397579,477962166,50.562927,8.647997,Kleinlinden Freibad,True,4967,False,free,467,Gießen,16,"386019, 91208, 91192, 386102, 91122, 91081, 386091, 386076, 386062, 386052, 386032, 386018, 386008, 386002, 386171, 386163"
2024-12-28T00:00:00,3397580,477962791,50.59863,8.692892,Wiesecker Weg / Karl-Keller-Straße,True,4968,False,free,467,Gießen,11,"91259, 386084, 386098, 91116, 91172, 91236, 91244, 386180, 386185, 386192, 386059"
2024-12-28T13:49:00,3397580,477962791,50.59863,8.692892,Wiesecker Weg / Karl-Keller-Straße,True,4968,False,free,467,Gießen,12,"386192, 386190, 386185, 386180, 386059, 386084, 386098, 91116, 91172, 91236, 91244, 91259"
2024-12-28T00:00:00,3397581,494150646,50.588132,8.675346,Dönerdreieck,True,4969,False,free,467,Gießen,3,"386083, 386117, 91145"
2024-12-28T01:52:00,3397581,494150646,50.588132,8.675346,Dönerdreieck,True,4969,False,free,467,Gießen,1,386117
2024-12-28T09:09:00,3397581,494150646,50.588132,8.675346,Dönerdreieck,True,4969,False,free,467,Gießen,2,"386117, 386089"
2024-12-28T09:16:00,3397581,494150646,50.588132,8.675346,Dönerdreieck,True,4969,False,free,467,Gießen,3,"386049, 386089, 386117"
2024-12-28T11:46:00,3397581,494150646,50.588132,8.675346,Dönerdreieck,True,4969,False,free,467,Gießen,4,"386117, 386049, 386089, 91006"
2024-12-28T13:56:00,3397581,494150646,50.588132,8.675346,Dönerdreieck,True,4969,False,free,467,Gießen,3,"386117, 91006, 386089"
2024-12-28T13:57:00,3397581,494150646,50.588132,8.675346,Dönerdreieck,True,4969,False,free,467,Gießen,2,"91006, 386117"
2024-12-28T14:35:00,3397581,494150646,50.588132,8.675346,Dönerdreieck,True,4969,False,free,467,Gießen,4,"386049, 386117, 91006, 386089"
2024-12-28T20:00:00,3397581,494150646,50.588132,8.675346,Dönerdreieck,True,4969,False,free,467,Gießen,3,"91006, 386089, 386117"
2024-12-28T21:10:00,3397581,494150646,50.588132,8.675346,Dönerdreieck,True,4969,False,free,467,Gießen,4,"386089, 91006, 386117, 91268"
2024-12-28T21:17:00,3397581,494150646,50.588132,8.675346,Dönerdreieck,True,4969,False,free,467,Gießen,3,"91006, 386089, 91268"
2024-12-28T23:11:00,3397581,494150646,50.588132,8.675346,Dönerdreieck,True,4969,False,free,467,Gießen,4,"91286, 91268, 91006, 386089"
2024-12-28T23:23:00,3397581,494150646,50.588132,8.675346,Dönerdreieck,True,4969,False,free,467,Gießen,3,"91006, 91268, 91286"
2024-12-28T00:00:00,3397582,498499872,50.605915,8.697553,Lichtenauer Weg / Johannsberg,True,4970,False,free,467,Gießen,3,"91258, 91087, 91079"
2024-12-28T16:42:00,3397582,498499872,50.605915,8.697553,Lichtenauer Weg / Johannsberg,True,4970,False,free,467,Gießen,1,91258
2024-12-28T21:35:00,3397582,498499872,50.605915,8.697553,Lichtenauer Weg / Johannsberg,True,4970,False,free,467,Gießen,2,"91258, 386117"
