trip_date,bike_number,start_latitude,start_longitude,start_time,end_latitude,end_longitude,end_time
2024-11-16,386000,50.58453,8.680142,2024-11-16 03:19:01.528321,50.579946,8.67848,2024-11-16 03:24:02.655354
2024-11-16,386000,50.579946,8.67848,2024-11-16 15:04:02.147625,50.587293,8.676601,2024-11-16 15:09:02.736468
2024-11-16,386000,50.587293,8.676601,2024-11-16 15:09:02.736468,50.586566,8.67686,2024-11-16 15:10:02.317812
2024-11-16,386001,50.588952,8.672911,2024-11-16 07:35:01.879858,50.586009,8.673857,2024-11-16 07:40:01.567657
2024-11-16,386001,50.586009,8.673857,2024-11-16 07:46:01.722575,50.587148,8.682158,2024-11-16 07:54:02.156038
2024-11-16,386001,50.587148,8.682158,2024-11-16 08:56:03.694293,50.58266,8.70796,2024-11-16 09:11:02.169804
2024-11-16,386001,50.58266,8.70796,2024-11-16 10:56:01.828935,50.581435,8.696279,2024-11-16 11:02:01.426303
2024-11-16,386001,50.581435,8.696279,2024-11-16 11:07:02.356433,50.576661,8.692147,2024-11-16 11:11:02.250062
2024-11-16,386001,50.576661,8.692147,2024-11-16 16:09:02.066051,50.581759,8.670118,2024-11-16 16:18:02.320546
2024-11-16,386001,50.581759,8.670118,2024-11-16 18:26:01.553179,50.586004,8.683363,2024-11-16 18:32:02.321295
2024-11-16,386001,50.586004,8.683363,2024-11-16 18:32:02.321295,50.58616,8.683287,2024-11-16 18:33:01.905393
2024-11-16,386001,50.58616,8.683287,2024-11-16 18:33:01.905393,50.58616,8.683285,2024-11-16 18:34:01.446438
2024-11-16,386001,50.58616,8.683285,2024-11-16 19:42:01.749499,50.585584,8.684702,2024-11-16 19:43:02.274608
2024-11-16,386002,50.564109,8.677573,2024-11-16 01:27:01.747869,50.571078,8.674602,2024-11-16 01:33:01.928068
2024-11-16,386002,50.571078,8.674602,2024-11-16 04:06:01.630263,50.58453,8.680142,2024-11-16 04:17:01.500315
2024-11-16,386002,50.58453,8.680142,2024-11-16 07:22:01.539065,50.588952,8.672911,2024-11-16 10:05:01.622112
2024-11-16,386002,50.588952,8.672911,2024-11-16 11:35:02.298138,50.587148,8.682158,2024-11-16 11:36:01.847989
2024-11-16,386002,50.587148,8.682158,2024-11-16 12:26:02.031335,50.585239,8.699665,2024-11-16 12:36:01.692567
2024-11-16,386002,50.585239,8.699665,2024-11-16 15:08:02.284524,50.586671,8.683062,2024-11-16 15:16:01.661846
2024-11-16,386002,50.586671,8.683062,2024-11-16 15:16:01.661846,50.587148,8.682158,2024-11-16 15:17:02.210275
2024-11-16,386002,50.587148,8.682158,2024-11-16 16:29:01.629842,50.587726,8.668395,2024-11-16 16:38:01.75111
2024-11-16,386003,50.580418,8.664761,2024-11-16 00:41:04.351868,50.585584,8.684702,2024-11-16 00:56:01.511435
2024-11-16,386004,50.587726,8.668395,2024-11-16 15:24:02.707215,50.58453,8.680142,2024-11-16 15:32:02.730923
2024-11-16,386004,50.58453,8.680142,2024-11-16 22:31:02.701312,50.579946,8.67848,2024-11-16 22:40:01.726963
2024-11-16,386010,50.587148,8.682158,2024-11-16 08:33:02.363704,50.58453,8.680142,2024-11-16 08:37:01.534231
2024-11-16,386010,50.58453,8.680142,2024-11-16 12:36:01.692567,50.564109,8.677573,2024-11-16 12:51:02.000996
2024-11-16,386010,50.564109,8.677573,2024-11-16 13:38:01.621659,50.585239,8.699665,2024-11-16 13:54:01.988533
2024-11-16,386010,50.585239,8.699665,2024-11-16 16:07:01.819953,50.579946,8.67848,2024-11-16 16:18:02.320546
2024-11-16,386010,50.579946,8.67848,2024-11-16 17:10:01.558421,50.576661,8.692147,2024-11-16 17:17:01.557713
2024-11-16,386010,50.576661,8.692147,2024-11-16 19:47:01.518185,50.586566,8.67686,2024-11-16 20:01:01.614678
2024-11-16,386012,50.587726,8.668395,2024-11-16 13:51:04.393514,50.585716,8.657575,2024-11-16 13:59:02.241137
2024-11-16,386012,50.585716,8.657575,2024-11-16 20:56:01.860668,50.587726,8.668395,2024-11-16 21:03:02.097455
2024-11-16,386013,50.573486,8.700008,2024-11-16 03:49:01.380543,50.581759,8.670118,2024-11-16 04:00:05.295847
2024-11-16,386014,50.579946,8.67848,2024-11-16 13:48:01.423634,50.576216,8.69397,2024-11-16 13:58:03.675095
2024-11-16,386014,50.576216,8.69397,2024-11-16 15:46:02.043862,50.581759,8.670118,2024-11-16 16:07:01.819953
2024-11-16,386015,50.579946,8.67848,2024-11-16 08:47:02.166499,50.581759,8.670118,2024-11-16 08:53:01.680449
2024-11-16,386017,50.579946,8.67848,2024-11-16 10:20:01.945638,50.580818,8.69971,2024-11-16 10:32:02.587509
2024-11-16,386017,50.580818,8.69971,2024-11-16 10:32:02.587509,50.580818,8.699702,2024-11-16 10:33:02.281804
2024-11-16,386017,50.580818,8.699702,2024-11-16 10:33:02.281804,50.580818,8.699701,2024-11-16 10:34:01.852263
2024-11-16,386017,50.580818,8.699701,2024-11-16 10:36:03.529931,50.580947,8.699593,2024-11-16 10:37:02.047971
2024-11-16,386017,50.580947,8.699593,2024-11-16 10:37:02.047971,50.580809,8.699741,2024-11-16 10:38:03.166085
2024-11-16,386017,50.580809,8.699741,2024-11-16 10:40:02.262137,50.580796,8.6996,2024-11-16 10:41:01.803763
2024-11-16,386017,50.580796,8.6996,2024-11-16 10:47:01.411744,50.58266,8.70796,2024-11-16 10:53:01.977941
2024-11-16,386017,50.58266,8.70796,2024-11-16 11:55:02.869183,50.576661,8.692147,2024-11-16 12:07:01.938422
2024-11-16,386017,50.576661,8.692147,2024-11-16 14:51:01.727395,50.578991,8.664509,2024-11-16 15:05:01.661522
2024-11-16,386017,50.578991,8.664509,2024-11-16 16:30:02.259161,50.579946,8.67848,2024-11-16 16:40:01.889756
2024-11-16,386017,50.579946,8.67848,2024-11-16 20:41:01.478266,50.585137,8.671877,2024-11-16 20:49:01.953191
2024-11-16,386019,50.576661,8.692147,2024-11-16 15:15:02.144448,50.576216,8.69397,2024-11-16 18:01:01.831289
2024-11-16,386019,50.576216,8.69397,2024-11-16 18:03:01.759869,50.581759,8.670118,2024-11-16 18:22:03.920825
2024-11-16,386020,50.585137,8.671877,2024-11-16 17:22:02.390681,50.574348,8.660046,2024-11-16 17:31:02.321855
2024-11-16,386020,50.574348,8.660046,2024-11-16 20:22:02.00548,50.581759,8.670118,2024-11-16 20:29:01.996731
2024-11-16,386020,50.581759,8.670118,2024-11-16 21:01:01.977975,50.580418,8.664761,2024-11-16 21:09:02.301323
2024-11-16,386022,50.581759,8.670118,2024-11-16 22:01:01.454784,50.579946,8.67848,2024-11-16 22:08:02.261571
2024-11-16,386024,50.587148,8.682158,2024-11-16 10:31:01.526878,50.586566,8.67686,2024-11-16 10:38:03.166085
2024-11-16,386026,50.579946,8.67848,2024-11-16 06:10:01.577811,50.580418,8.664761,2024-11-16 06:17:01.446901
2024-11-16,386026,50.580418,8.664761,2024-11-16 07:40:01.567657,50.573486,8.700008,2024-11-16 07:58:01.410682
2024-11-16,386026,50.573486,8.700008,2024-11-16 11:56:02.430249,50.576661,8.692147,2024-11-16 12:07:01.938422
2024-11-16,386026,50.576661,8.692147,2024-11-16 16:16:02.196049,50.582722,8.673988,2024-11-16 17:06:03.088582
2024-11-16,386026,50.582722,8.673988,2024-11-16 17:17:01.557713,50.579946,8.67848,2024-11-16 17:23:01.940405
2024-11-16,386026,50.579946,8.67848,2024-11-16 17:25:01.712084,50.59863,8.692892,2024-11-16 18:23:01.476911
2024-11-16,386029,50.587148,8.682158,2024-11-16 15:02:01.62543,50.580418,8.664761,2024-11-16 15:50:02.302956
2024-11-16,386029,50.580418,8.664761,2024-11-16 17:59:01.552031,50.586964,8.670177,2024-11-16 18:07:01.967593
2024-11-16,386029,50.586964,8.670177,2024-11-16 18:07:01.967593,50.587726,8.668395,2024-11-16 18:08:02.949959
2024-11-16,386029,50.587726,8.668395,2024-11-16 20:16:01.821849,50.588971,8.662469,2024-11-16 20:19:02.374839
2024-11-16,386030,50.574348,8.660046,2024-11-16 00:04:01.432718,50.580418,8.664761,2024-11-16 00:11:01.718389
2024-11-16,386030,50.580418,8.664761,2024-11-16 00:16:01.520257,50.587726,8.668395,2024-11-16 00:21:02.30005
2024-11-16,386030,50.587726,8.668395,2024-11-16 09:16:02.074562,50.585137,8.671877,2024-11-16 09:25:01.4373
2024-11-16,386030,50.585137,8.671877,2024-11-16 12:25:02.427239,50.572942,8.659349,2024-11-16 12:41:01.532587
2024-11-16,386030,50.572942,8.659349,2024-11-16 12:41:01.532587,50.572964,8.659295,2024-11-16 12:42:02.090673
2024-11-16,386030,50.572964,8.659295,2024-11-16 12:42:02.090673,50.572862,8.659227,2024-11-16 12:43:01.620575
2024-11-16,386030,50.572862,8.659227,2024-11-16 12:45:01.477512,50.572876,8.659344,2024-11-16 12:46:02.037684
2024-11-16,386030,50.572876,8.659344,2024-11-16 12:46:02.037684,50.57292,8.659341,2024-11-16 12:47:01.67247
2024-11-16,386030,50.57292,8.659341,2024-11-16 16:08:02.390556,50.572787,8.659307,2024-11-16 16:09:02.066051
2024-11-16,386030,50.572787,8.659307,2024-11-16 16:09:02.066051,50.572924,8.659117,2024-11-16 16:10:01.637777
2024-11-16,386030,50.572924,8.659117,2024-11-16 16:12:02.041722,50.573013,8.659255,2024-11-16 16:13:01.580608
2024-11-16,386030,50.573013,8.659255,2024-11-16 16:38:01.75111,50.574348,8.660046,2024-11-16 16:41:01.376297
2024-11-16,386033,50.586566,8.67686,2024-11-16 10:09:01.761161,50.587689,8.681269,2024-11-16 10:13:02.022222
2024-11-16,386033,50.587689,8.681269,2024-11-16 10:13:02.022222,50.587148,8.682158,2024-11-16 10:14:01.620109
2024-11-16,386033,50.587148,8.682158,2024-11-16 15:32:02.730923,50.58453,8.680142,2024-11-16 16:01:02.179118
2024-11-16,386035,50.588132,8.675346,2024-11-16 13:01:02.089247,50.579946,8.67848,2024-11-16 13:12:02.302835
2024-11-16,386035,50.579946,8.67848,2024-11-16 13:48:01.423634,50.585239,8.699665,2024-11-16 13:59:02.241137
2024-11-16,386035,50.585239,8.699665,2024-11-16 15:33:02.246913,50.581152,8.664379,2024-11-16 15:49:01.701511
2024-11-16,386035,50.581152,8.664379,2024-11-16 15:54:03.938871,50.588084,8.678726,2024-11-16 16:01:02.179118
2024-11-16,386035,50.588084,8.678726,2024-11-16 16:01:02.179118,50.588102,8.677491,2024-11-16 16:02:01.737813
2024-11-16,386035,50.588102,8.677491,2024-11-16 16:02:01.737813,50.579946,8.67848,2024-11-16 16:11:02.465172
2024-11-16,386035,50.579946,8.67848,2024-11-16 20:41:01.478266,50.585137,8.671877,2024-11-16 20:50:01.548568
2024-11-16,386035,50.585137,8.671877,2024-11-16 20:54:01.797932,50.580418,8.664761,2024-11-16 20:58:02.177854
2024-11-16,386035,50.580418,8.664761,2024-11-16 21:03:02.097455,50.587148,8.682158,2024-11-16 21:11:01.440187
2024-11-16,386035,50.587148,8.682158,2024-11-16 21:35:02.156687,50.582722,8.673988,2024-11-16 21:40:02.371825
2024-11-16,386035,50.582722,8.673988,2024-11-16 21:58:01.75486,50.574348,8.660046,2024-11-16 23:05:02.148282
2024-11-16,386038,50.579946,8.67848,2024-11-16 00:04:01.432718,50.585137,8.671877,2024-11-16 00:11:01.718389
2024-11-16,386038,50.585137,8.671877,2024-11-16 02:15:02.197146,50.564109,8.677573,2024-11-16 02:37:01.681068
2024-11-16,386038,50.564109,8.677573,2024-11-16 05:53:01.458812,50.57836,8.665102,2024-11-16 06:05:04.552468
2024-11-16,386038,50.57836,8.665102,2024-11-16 06:05:04.552468,50.578991,8.664509,2024-11-16 06:06:02.10649
2024-11-16,386038,50.578991,8.664509,2024-11-16 11:43:01.922511,50.585137,8.671877,2024-11-16 12:07:01.938422
2024-11-16,386038,50.585137,8.671877,2024-11-16 19:16:02.22231,50.580418,8.664761,2024-11-16 19:22:02.068696
2024-11-16,386038,50.580418,8.664761,2024-11-16 19:40:02.159698,50.579946,8.67848,2024-11-16 20:05:01.678042
2024-11-16,386038,50.579946,8.67848,2024-11-16 20:06:02.644081,50.585137,8.671877,2024-11-16 20:38:01.887338
2024-11-16,386041,50.588971,8.662469,2024-11-16 12:21:02.18638,50.579946,8.67848,2024-11-16 12:31:01.85576
2024-11-16,386041,50.579946,8.67848,2024-11-16 13:17:02.001705,50.580418,8.664761,2024-11-16 13:28:02.121085
2024-11-16,386041,50.580418,8.664761,2024-11-16 17:11:02.120401,50.579946,8.67848,2024-11-16 17:32:01.89073
2024-11-16,386041,50.579946,8.67848,2024-11-16 20:17:02.333575,50.576216,8.69397,2024-11-16 20:31:02.120766
2024-11-16,386041,50.576216,8.69397,2024-11-16 22:00:01.90558,50.58266,8.70796,2024-11-16 22:15:01.79892
2024-11-16,386042,50.592037,8.66542,2024-11-16 14:44:02.367698,50.587726,8.668395,2024-11-16 14:50:02.159097
2024-11-16,386046,50.585137,8.671877,2024-11-16 12:55:02.056839,50.574348,8.660046,2024-11-16 13:05:02.378955
2024-11-16,386046,50.574348,8.660046,2024-11-16 14:06:02.069878,50.576661,8.692147,2024-11-16 14:16:01.731476
2024-11-16,386046,50.576661,8.692147,2024-11-16 14:46:02.897273,50.582722,8.673988,2024-11-16 15:01:02.134789
2024-11-16,386046,50.582722,8.673988,2024-11-16 17:05:02.145491,50.576661,8.692147,2024-11-16 17:16:02.023967
2024-11-16,386046,50.576661,8.692147,2024-11-16 19:25:03.677186,50.588952,8.672911,2024-11-16 19:41:02.264649
2024-11-16,386046,50.588952,8.672911,2024-11-16 19:46:01.907556,50.585137,8.671877,2024-11-16 19:51:01.617997
2024-11-16,386046,50.585137,8.671877,2024-11-16 20:36:02.417022,50.590141,8.684306,2024-11-16 20:50:01.548568
2024-11-16,386047,50.585137,8.671877,2024-11-16 19:31:02.726739,50.576216,8.69397,2024-11-16 19:48:02.045005
2024-11-16,386047,50.576216,8.69397,2024-11-16 20:04:02.158821,50.579946,8.67848,2024-11-16 20:13:04.723872
2024-11-16,386047,50.579946,8.67848,2024-11-16 21:26:02.033012,50.581759,8.670118,2024-11-16 21:34:02.595922
2024-11-16,386049,50.592037,8.66542,2024-11-16 13:54:01.988533,50.585137,8.671877,2024-11-16 14:04:01.960865
2024-11-16,386049,50.585137,8.671877,2024-11-16 23:06:01.678193,50.579946,8.67848,2024-11-16 23:12:02.205535
2024-11-16,386050,50.585137,8.671877,2024-11-16 18:24:02.415492,50.57525,8.697667,2024-11-16 18:38:01.563455
2024-11-16,386051,50.589469,8.681104,2024-11-16 16:17:01.758963,50.580418,8.664761,2024-11-16 16:39:02.331382
2024-11-16,386051,50.580418,8.664761,2024-11-16 18:52:01.983515,50.585137,8.671877,2024-11-16 18:58:01.544362
2024-11-16,386052,50.582722,8.673988,2024-11-16 08:16:01.384791,50.580418,8.664761,2024-11-16 08:22:02.142203
2024-11-16,386052,50.580418,8.664761,2024-11-16 08:52:02.106316,50.579004,8.658253,2024-11-16 08:53:01.680449
2024-11-16,386052,50.579004,8.658253,2024-11-16 08:53:01.680449,50.580418,8.664761,2024-11-16 08:54:02.282381
2024-11-16,386052,50.580418,8.664761,2024-11-16 10:04:02.053751,50.564109,8.677573,2024-11-16 10:16:01.698593
2024-11-16,386052,50.564109,8.677573,2024-11-16 10:47:01.411744,50.587148,8.682158,2024-11-16 11:09:01.493529
2024-11-16,386055,50.582722,8.673988,2024-11-16 01:36:01.664549,50.579946,8.67848,2024-11-16 01:58:02.169045
2024-11-16,386055,50.579946,8.67848,2024-11-16 07:43:02.212668,50.578991,8.664509,2024-11-16 07:51:01.487677
2024-11-16,386055,50.578991,8.664509,2024-11-16 13:00:04.460237,50.571078,8.674602,2024-11-16 13:09:01.64
2024-11-16,386055,50.571078,8.674602,2024-11-16 16:10:01.637777,50.564109,8.677573,2024-11-16 16:16:02.196049
2024-11-16,386055,50.564109,8.677573,2024-11-16 17:31:02.321855,50.588132,8.675346,2024-11-16 17:45:01.716639
2024-11-16,386056,50.588971,8.662469,2024-11-16 12:55:02.056839,50.58453,8.680142,2024-11-16 13:03:02.270646
2024-11-16,386063,50.565941,8.65186,2024-11-16 11:28:02.047981,50.578991,8.664509,2024-11-16 11:36:01.847989
2024-11-16,386063,50.578991,8.664509,2024-11-16 19:09:02.190714,50.564109,8.677573,2024-11-16 19:37:01.515359
2024-11-16,386063,50.564109,8.677573,2024-11-16 19:40:02.159698,50.57452,8.683947,2024-11-16 19:49:01.511838
2024-11-16,386063,50.57452,8.683947,2024-11-16 19:49:01.511838,50.574462,8.683987,2024-11-16 19:50:02.092573
2024-11-16,386063,50.574462,8.683987,2024-11-16 20:14:02.301565,50.564109,8.677573,2024-11-16 20:26:02.333697
2024-11-16,386065,50.585716,8.657575,2024-11-16 07:38:01.497789,50.585137,8.671877,2024-11-16 07:49:02.461528
2024-11-16,386065,50.585137,8.671877,2024-11-16 09:40:01.756195,50.582722,8.673988,2024-11-16 09:49:01.869816
2024-11-16,386065,50.582722,8.673988,2024-11-16 10:12:01.449254,50.579946,8.67848,2024-11-16 10:15:02.149421
2024-11-16,386065,50.579946,8.67848,2024-11-16 11:15:01.543557,50.576216,8.69397,2024-11-16 11:23:01.505051
2024-11-16,386065,50.576216,8.69397,2024-11-16 13:02:01.761915,50.581435,8.696279,2024-11-16 13:09:01.64
2024-11-16,386065,50.581435,8.696279,2024-11-16 14:08:02.137602,50.590141,8.684306,2024-11-16 14:17:02.284306
2024-11-16,386065,50.590141,8.684306,2024-11-16 15:41:01.790857,50.579946,8.67848,2024-11-16 15:53:04.758549
2024-11-16,386065,50.579946,8.67848,2024-11-16 17:21:02.765436,50.580418,8.664761,2024-11-16 17:32:01.89073
2024-11-16,386065,50.580418,8.664761,2024-11-16 17:59:01.552031,50.588952,8.672911,2024-11-16 18:20:03.4998
2024-11-16,386065,50.588952,8.672911,2024-11-16 23:31:02.372597,50.588132,8.675346,2024-11-16 23:32:01.900719
2024-11-16,386065,50.588132,8.675346,2024-11-16 23:32:01.900719,50.588952,8.672911,2024-11-16 23:33:01.55273
2024-11-16,386066,50.588952,8.672911,2024-11-16 00:01:01.812922,50.59004,8.669997,2024-11-16 00:02:02.409215
2024-11-16,386066,50.59004,8.669997,2024-11-16 00:03:01.93554,50.588952,8.672911,2024-11-16 00:04:01.432718
2024-11-16,386066,50.588952,8.672911,2024-11-16 04:39:02.341529,50.578991,8.664509,2024-11-16 04:48:01.81168
2024-11-16,386066,50.578991,8.664509,2024-11-16 17:11:02.120401,50.585137,8.671877,2024-11-16 17:18:02.71136
2024-11-16,386066,50.585137,8.671877,2024-11-16 18:24:02.415492,50.57525,8.697667,2024-11-16 18:38:01.563455
2024-11-16,386067,50.587726,8.668395,2024-11-16 18:28:01.975733,50.592037,8.66542,2024-11-16 18:41:02.811058
2024-11-16,386067,50.592037,8.66542,2024-11-16 20:18:01.829683,50.581759,8.670118,2024-11-16 20:24:02.083358
2024-11-16,386069,50.585584,8.684702,2024-11-16 12:58:01.756801,50.580418,8.664761,2024-11-16 13:08:02.121614
2024-11-16,386069,50.580418,8.664761,2024-11-16 13:22:01.696485,50.588971,8.662469,2024-11-16 13:34:01.619094
2024-11-16,386069,50.588971,8.662469,2024-11-16 13:45:01.844483,50.585137,8.671877,2024-11-16 14:04:01.960865
2024-11-16,386069,50.585137,8.671877,2024-11-16 17:56:01.768854,50.581152,8.664379,2024-11-16 18:02:04.084373
2024-11-16,386072,50.579946,8.67848,2024-11-16 13:55:01.522351,50.588102,8.677491,2024-11-16 14:05:01.547985
2024-11-16,386072,50.588102,8.677491,2024-11-16 15:30:02.222399,50.585137,8.671877,2024-11-16 15:35:02.297712
2024-11-16,386072,50.585137,8.671877,2024-11-16 16:18:02.320546,50.579946,8.67848,2024-11-16 16:24:01.61642
2024-11-16,386075,50.571533,8.691881,2024-11-16 03:59:01.757368,50.564109,8.677573,2024-11-16 04:16:01.969104
2024-11-16,386075,50.564109,8.677573,2024-11-16 08:49:02.468873,50.578991,8.664509,2024-11-16 09:04:02.364903
2024-11-16,386075,50.578991,8.664509,2024-11-16 16:00:03.621847,50.587726,8.668395,2024-11-16 16:19:01.913187
2024-11-16,386076,50.58266,8.70796,2024-11-16 00:50:02.235127,50.585137,8.671877,2024-11-16 01:18:01.912208
2024-11-16,386076,50.585137,8.671877,2024-11-16 17:15:02.395468,50.585716,8.657575,2024-11-16 17:26:03.448257
2024-11-16,386078,50.586566,8.67686,2024-11-16 23:21:01.691562,50.588971,8.662469,2024-11-16 23:29:02.245376
2024-11-16,386079,50.581152,8.664379,2024-11-16 01:49:02.078081,50.587148,8.682158,2024-11-16 01:57:01.646166
2024-11-16,386079,50.587148,8.682158,2024-11-16 10:32:02.587509,50.586566,8.67686,2024-11-16 10:38:03.166085
2024-11-16,386079,50.586566,8.67686,2024-11-16 23:32:01.900719,50.579946,8.67848,2024-11-16 23:40:01.946474
2024-11-16,386080,50.565941,8.65186,2024-11-16 15:58:02.056712,50.567489,8.65012,2024-11-16 15:59:03.661895
2024-11-16,386080,50.567489,8.65012,2024-11-16 15:59:03.661895,50.566591,8.651012,2024-11-16 16:00:03.621847
2024-11-16,386080,50.566591,8.651012,2024-11-16 16:02:01.737813,50.565941,8.65186,2024-11-16 16:03:02.264253
2024-11-16,386084,50.579946,8.67848,2024-11-16 08:06:01.5392,50.580418,8.664761,2024-11-16 08:14:03.348893
2024-11-16,386084,50.580418,8.664761,2024-11-16 09:57:02.367183,50.564109,8.677573,2024-11-16 10:11:01.935139
2024-11-16,386084,50.564109,8.677573,2024-11-16 10:34:01.852263,50.580418,8.664761,2024-11-16 10:48:03.074341
2024-11-16,386084,50.580418,8.664761,2024-11-16 11:43:01.922511,50.576661,8.692147,2024-11-16 12:07:01.938422
2024-11-16,386084,50.576661,8.692147,2024-11-16 19:57:01.93867,50.579946,8.67848,2024-11-16 20:09:02.135501
2024-11-16,386085,50.589469,8.681104,2024-11-16 11:46:01.706167,50.590141,8.684306,2024-11-16 12:10:01.586689
2024-11-16,386085,50.590141,8.684306,2024-11-16 13:31:01.808582,50.576216,8.69397,2024-11-16 13:48:01.423634
2024-11-16,386085,50.576216,8.69397,2024-11-16 13:54:01.988533,50.59863,8.692892,2024-11-16 14:13:02.011996
2024-11-16,386086,50.588132,8.675346,2024-11-16 00:16:01.520257,50.580418,8.664761,2024-11-16 00:26:02.278827
2024-11-16,386086,50.580418,8.664761,2024-11-16 00:40:02.19944,50.585584,8.684702,2024-11-16 00:56:01.511435
2024-11-16,386087,50.582722,8.673988,2024-11-16 09:18:02.158874,50.588102,8.677491,2024-11-16 09:24:02.882278
2024-11-16,386087,50.588102,8.677491,2024-11-16 10:23:01.978788,50.580418,8.664761,2024-11-16 10:36:03.529931
2024-11-16,386087,50.580418,8.664761,2024-11-16 18:00:02.196405,50.58453,8.680142,2024-11-16 18:12:02.160952
2024-11-16,386087,50.58453,8.680142,2024-11-16 20:31:02.120766,50.577996,8.695188,2024-11-16 20:43:01.557157
2024-11-16,386087,50.577996,8.695188,2024-11-16 20:43:01.557157,50.57525,8.697667,2024-11-16 20:44:02.180777
2024-11-16,386089,50.587726,8.668395,2024-11-16 07:45:03.157746,50.578991,8.664509,2024-11-16 07:54:02.156038
2024-11-16,386089,50.578991,8.664509,2024-11-16 23:49:01.811785,50.585137,8.671877,2024-11-16 23:57:02.011245
2024-11-16,386091,50.581759,8.670118,2024-11-16 17:35:01.881134,50.585584,8.684702,2024-11-16 17:44:02.158555
2024-11-16,386093,50.579946,8.67848,2024-11-16 08:06:01.5392,50.580418,8.664761,2024-11-16 08:14:03.348893
2024-11-16,386093,50.580418,8.664761,2024-11-16 18:51:01.417366,50.58453,8.680142,2024-11-16 19:00:01.664116
2024-11-16,386094,50.585137,8.671877,2024-11-16 17:56:01.768854,50.588132,8.675346,2024-11-16 18:17:02.004404
2024-11-16,386094,50.588132,8.675346,2024-11-16 21:53:01.619629,50.580418,8.664761,2024-11-16 22:02:01.93623
2024-11-16,386094,50.580418,8.664761,2024-11-16 22:06:02.229319,50.579946,8.67848,2024-11-16 22:16:02.352601
2024-11-16,386095,50.579946,8.67848,2024-11-16 11:43:01.922511,50.576216,8.69397,2024-11-16 12:07:01.938422
2024-11-16,386095,50.576216,8.69397,2024-11-16 14:17:02.284306,50.587726,8.668395,2024-11-16 14:31:01.996026
2024-11-16,386096,50.58453,8.680142,2024-11-16 08:49:02.468873,50.587726,8.668395,2024-11-16 09:00:02.087506
2024-11-16,386096,50.587726,8.668395,2024-11-16 13:13:01.852778,50.588952,8.672911,2024-11-16 13:23:02.333672
2024-11-16,386096,50.588952,8.672911,2024-11-16 16:06:02.190866,50.578991,8.664509,2024-11-16 16:18:02.320546
2024-11-16,386096,50.578991,8.664509,2024-11-16 16:25:02.140767,50.581759,8.670118,2024-11-16 16:29:01.629842
2024-11-16,386096,50.581759,8.670118,2024-11-16 17:51:01.865838,50.576661,8.692147,2024-11-16 18:00:02.196405
2024-11-16,386096,50.576661,8.692147,2024-11-16 19:47:01.518185,50.585137,8.671877,2024-11-16 19:57:01.93867
2024-11-16,386097,50.592037,8.66542,2024-11-16 15:01:02.134789,50.59863,8.692892,2024-11-16 15:16:01.661846
2024-11-16,386098,50.592037,8.66542,2024-11-16 06:12:01.704021,50.580418,8.664761,2024-11-16 06:20:02.040218
2024-11-16,386098,50.580418,8.664761,2024-11-16 07:40:01.567657,50.573486,8.700008,2024-11-16 07:55:01.684451
2024-11-16,386098,50.573486,8.700008,2024-11-16 14:15:02.155568,50.580418,8.664761,2024-11-16 14:30:01.433419
2024-11-16,386098,50.580418,8.664761,2024-11-16 17:01:01.797095,50.571078,8.674602,2024-11-16 17:11:02.120401
2024-11-16,386098,50.571078,8.674602,2024-11-16 19:23:01.786855,50.585137,8.671877,2024-11-16 19:33:04.181988
2024-11-16,386098,50.585137,8.671877,2024-11-16 19:51:01.617997,50.564109,8.677573,2024-11-16 20:09:02.135501
2024-11-16,386101,50.587726,8.668395,2024-11-16 21:06:01.745395,50.579946,8.67848,2024-11-16 21:13:01.523914
2024-11-16,386102,50.585137,8.671877,2024-11-16 09:23:02.11651,50.576216,8.69397,2024-11-16 09:36:01.521282
2024-11-16,386102,50.576216,8.69397,2024-11-16 15:32:02.730923,50.564109,8.677573,2024-11-16 15:45:02.118919
2024-11-16,386102,50.564109,8.677573,2024-11-16 15:59:03.661895,50.571078,8.674602,2024-11-16 16:05:02.381155
2024-11-16,386102,50.571078,8.674602,2024-11-16 19:23:01.786855,50.585137,8.671877,2024-11-16 19:33:04.181988
2024-11-16,386103,50.579946,8.67848,2024-11-16 15:44:01.541521,50.592037,8.66542,2024-11-16 15:54:03.938871
2024-11-16,386108,50.582722,8.673988,2024-11-16 09:24:02.882278,50.587148,8.682158,2024-11-16 09:29:01.557066
2024-11-16,386108,50.587148,8.682158,2024-11-16 16:52:02.240727,50.587726,8.668395,2024-11-16 17:04:01.582611
2024-11-16,386113,50.576661,8.692147,2024-11-16 16:27:02.237972,50.579258,8.67803,2024-11-16 16:33:01.888442
2024-11-16,386113,50.579258,8.67803,2024-11-16 16:33:01.888442,50.579946,8.67848,2024-11-16 16:34:01.448636
2024-11-16,386115,50.579946,8.67848,2024-11-16 12:18:02.049653,50.58266,8.70796,2024-11-16 12:30:02.293728
2024-11-16,386115,50.58266,8.70796,2024-11-16 13:30:02.251309,50.580753,8.695099,2024-11-16 13:37:02.086711
2024-11-16,386115,50.580753,8.695099,2024-11-16 16:25:02.140767,50.58266,8.70796,2024-11-16 17:01:01.797095
2024-11-16,386115,50.58266,8.70796,2024-11-16 17:12:01.677923,50.57525,8.697667,2024-11-16 17:20:02.094651
2024-11-16,386115,50.57525,8.697667,2024-11-16 17:20:02.094651,50.576216,8.69397,2024-11-16 17:45:01.716639
2024-11-16,386115,50.576216,8.69397,2024-11-16 18:00:02.196405,50.580418,8.664761,2024-11-16 18:23:01.476911
2024-11-16,386115,50.580418,8.664761,2024-11-16 19:41:02.264649,50.58266,8.70796,2024-11-16 20:02:02.124404
2024-11-16,386115,50.58266,8.70796,2024-11-16 20:04:02.158821,50.580418,8.664761,2024-11-16 20:49:01.953191
2024-11-16,386122,50.588102,8.677491,2024-11-16 10:47:01.411744,50.576661,8.692147,2024-11-16 11:04:01.587227
2024-11-16,386122,50.576661,8.692147,2024-11-16 19:47:01.518185,50.585137,8.671877,2024-11-16 19:57:01.93867
2024-11-16,386126,50.58453,8.680142,2024-11-16 01:32:01.42643,50.587726,8.668395,2024-11-16 01:39:02.318801
2024-11-16,386126,50.587726,8.668395,2024-11-16 17:22:02.390681,50.589098,8.703622,2024-11-16 17:46:02.26802
2024-11-16,386126,50.589098,8.703622,2024-11-16 17:46:02.26802,50.589089,8.703553,2024-11-16 17:47:01.784172
2024-11-16,386126,50.589089,8.703553,2024-11-16 17:50:02.319331,50.589098,8.703446,2024-11-16 17:51:01.865838
2024-11-16,386126,50.589098,8.703446,2024-11-16 17:51:01.865838,50.589004,8.703567,2024-11-16 17:52:01.380464
2024-11-16,386126,50.589004,8.703567,2024-11-16 21:16:02.77923,50.587726,8.668395,2024-11-16 21:31:01.503894
2024-11-16,386150,50.588132,8.675346,2024-11-16 00:44:02.098197,50.582722,8.673988,2024-11-16 00:49:01.714184
2024-11-16,386150,50.582722,8.673988,2024-11-16 01:16:01.771805,50.581435,8.696279,2024-11-16 01:27:01.747869
2024-11-16,386150,50.581435,8.696279,2024-11-16 10:51:01.914318,50.572309,8.682867,2024-11-16 11:00:03.28101
2024-11-16,386150,50.572309,8.682867,2024-11-16 11:20:01.509371,50.576661,8.692147,2024-11-16 11:30:02.126283
2024-11-16,386150,50.576661,8.692147,2024-11-16 12:03:02.257739,50.585239,8.699665,2024-11-16 12:12:01.64244
2024-11-16,386150,50.585239,8.699665,2024-11-16 22:14:03.20662,50.579946,8.67848,2024-11-16 22:24:01.827141
2024-11-16,386151,50.581759,8.670118,2024-11-16 07:12:01.862407,50.573486,8.700008,2024-11-16 07:46:01.722575
2024-11-16,386151,50.573486,8.700008,2024-11-16 16:18:02.320546,50.580418,8.664761,2024-11-16 16:35:01.975352
2024-11-16,386151,50.580418,8.664761,2024-11-16 17:46:02.26802,50.564109,8.677573,2024-11-16 18:02:04.084373
2024-11-16,386151,50.564109,8.677573,2024-11-16 19:17:01.888059,50.572309,8.682867,2024-11-16 19:26:02.323205
2024-11-16,386151,50.572309,8.682867,2024-11-16 23:06:01.678193,50.564109,8.677573,2024-11-16 23:17:01.414322
2024-11-16,386152,50.585137,8.671877,2024-11-16 18:04:02.295455,50.587726,8.668395,2024-11-16 18:22:03.920825
2024-11-16,386153,50.585137,8.671877,2024-11-16 11:14:01.977439,50.57525,8.697667,2024-11-16 11:28:02.047981
2024-11-16,386153,50.57525,8.697667,2024-11-16 12:39:02.397223,50.585239,8.699665,2024-11-16 12:49:01.738184
2024-11-16,386153,50.585239,8.699665,2024-11-16 13:08:02.121614,50.580418,8.664761,2024-11-16 13:21:02.184049
2024-11-16,386153,50.580418,8.664761,2024-11-16 17:47:01.784172,50.564109,8.677573,2024-11-16 18:02:04.084373
2024-11-16,386153,50.564109,8.677573,2024-11-16 19:16:02.22231,50.572309,8.682867,2024-11-16 19:26:02.323205
2024-11-16,386153,50.572309,8.682867,2024-11-16 19:43:02.274608,50.564109,8.677573,2024-11-16 20:18:01.829683
2024-11-16,386153,50.564109,8.677573,2024-11-16 20:19:02.374839,50.585692,8.67637,2024-11-16 20:39:01.442433
2024-11-16,386153,50.585692,8.67637,2024-11-16 20:44:02.180777,50.588971,8.662469,2024-11-16 20:52:01.684158
2024-11-16,386153,50.588971,8.662469,2024-11-16 23:39:01.429846,50.58453,8.680142,2024-11-16 23:47:01.827517
2024-11-16,386155,50.587148,8.682158,2024-11-16 12:16:01.983817,50.571078,8.674602,2024-11-16 12:43:01.620575
2024-11-16,386155,50.571078,8.674602,2024-11-16 12:45:01.477512,50.578991,8.664509,2024-11-16 12:53:02.008896
2024-11-16,386155,50.578991,8.664509,2024-11-16 13:29:01.654671,50.587726,8.668395,2024-11-16 13:36:02.238007
2024-11-16,386155,50.587726,8.668395,2024-11-16 17:20:02.094651,50.576661,8.692147,2024-11-16 17:33:01.763125
2024-11-16,386155,50.576661,8.692147,2024-11-16 19:08:01.636694,50.578991,8.664509,2024-11-16 20:59:01.812673
2024-11-16,386155,50.578991,8.664509,2024-11-16 21:59:02.27804,50.586566,8.67686,2024-11-16 22:06:02.229319
2024-11-16,386156,50.585137,8.671877,2024-11-16 17:35:01.881134,50.588952,8.672911,2024-11-16 17:38:01.529026
2024-11-16,386157,50.589469,8.681104,2024-11-16 11:46:01.706167,50.590141,8.684306,2024-11-16 12:10:01.586689
2024-11-16,386157,50.590141,8.684306,2024-11-16 14:07:01.608366,50.585137,8.671877,2024-11-16 14:15:02.155568
2024-11-16,386157,50.585137,8.671877,2024-11-16 15:04:02.147625,50.573486,8.700008,2024-11-16 15:18:01.770967
2024-11-16,386157,50.573486,8.700008,2024-11-16 15:29:01.624352,50.579946,8.67848,2024-11-16 16:10:01.637777
2024-11-16,386157,50.579946,8.67848,2024-11-16 17:20:02.094651,50.576661,8.692147,2024-11-16 17:29:02.092491
2024-11-16,386157,50.576661,8.692147,2024-11-16 17:32:01.89073,50.59863,8.692892,2024-11-16 17:57:02.471308
2024-11-16,386158,50.585137,8.671877,2024-11-16 10:20:01.945638,50.571078,8.674602,2024-11-16 11:10:03.569893
2024-11-16,386158,50.571078,8.674602,2024-11-16 11:22:01.967425,50.580418,8.664761,2024-11-16 11:31:01.74932
2024-11-16,386158,50.580418,8.664761,2024-11-16 14:11:01.916548,50.586566,8.67686,2024-11-16 14:18:01.874497
2024-11-16,386158,50.586566,8.67686,2024-11-16 17:09:02.018228,50.576661,8.692147,2024-11-16 17:20:02.094651
2024-11-16,386158,50.576661,8.692147,2024-11-16 18:50:01.918132,50.588952,8.672911,2024-11-16 19:07:02.109902
2024-11-16,386160,50.564109,8.677573,2024-11-16 08:05:04.027741,50.578991,8.664509,2024-11-16 08:16:01.384791
2024-11-16,386160,50.578991,8.664509,2024-11-16 11:13:02.432937,50.564109,8.677573,2024-11-16 11:28:02.047981
2024-11-16,386160,50.564109,8.677573,2024-11-16 12:32:01.414865,50.578991,8.664509,2024-11-16 12:44:02.918922
2024-11-16,386160,50.578991,8.664509,2024-11-16 16:29:01.629842,50.565941,8.65186,2024-11-16 16:38:01.75111
2024-11-16,386160,50.565941,8.65186,2024-11-16 17:09:02.018228,50.572309,8.682867,2024-11-16 17:26:03.448257
2024-11-16,386160,50.572309,8.682867,2024-11-16 17:55:02.266258,50.564109,8.677573,2024-11-16 18:24:02.415492
2024-11-16,386160,50.564109,8.677573,2024-11-16 19:04:01.994924,50.570978,8.672389,2024-11-16 19:11:01.538996
2024-11-16,386160,50.570978,8.672389,2024-11-16 20:20:01.974937,50.587726,8.668395,2024-11-16 20:35:04.781681
2024-11-16,386160,50.587726,8.668395,2024-11-16 21:42:01.417204,50.571078,8.674602,2024-11-16 22:02:01.93623
2024-11-16,386160,50.571078,8.674602,2024-11-16 23:20:02.165793,50.564109,8.677573,2024-11-16 23:25:03.018153
2024-11-16,386161,50.564109,8.677573,2024-11-16 08:10:01.642836,50.578991,8.664509,2024-11-16 08:20:02.129778
2024-11-16,386161,50.578991,8.664509,2024-11-16 12:25:02.427239,50.581759,8.670118,2024-11-16 12:29:01.701832
2024-11-16,386161,50.581759,8.670118,2024-11-16 16:13:01.580608,50.581152,8.664379,2024-11-16 16:19:01.913187
2024-11-16,386161,50.581152,8.664379,2024-11-16 17:42:02.028623,50.585137,8.671877,2024-11-16 17:47:01.784172
2024-11-16,386161,50.585137,8.671877,2024-11-16 18:26:01.553179,50.58453,8.680142,2024-11-16 18:32:02.321295
2024-11-16,386161,50.58453,8.680142,2024-11-16 20:53:02.200884,50.585137,8.671877,2024-11-16 20:57:01.601277
2024-11-16,386162,50.565941,8.65186,2024-11-16 11:46:01.706167,50.581759,8.670118,2024-11-16 12:07:01.938422
2024-11-16,386162,50.581759,8.670118,2024-11-16 13:17:02.001705,50.580418,8.664761,2024-11-16 13:22:01.696485
2024-11-16,386162,50.580418,8.664761,2024-11-16 15:02:01.62543,50.585137,8.671877,2024-11-16 15:07:01.76519
2024-11-16,386162,50.585137,8.671877,2024-11-16 15:20:01.985608,50.576216,8.69397,2024-11-16 15:31:03.297631
2024-11-16,386162,50.576216,8.69397,2024-11-16 15:46:02.043862,50.58453,8.680142,2024-11-16 15:57:01.547906
2024-11-16,386162,50.58453,8.680142,2024-11-16 17:06:03.088582,50.585369,8.674698,2024-11-16 17:24:04.190481
2024-11-16,386162,50.585369,8.674698,2024-11-16 17:24:04.190481,50.58453,8.680142,2024-11-16 17:50:02.319331
2024-11-16,386162,50.58453,8.680142,2024-11-16 17:59:01.552031,50.585239,8.699665,2024-11-16 18:09:01.498751
2024-11-16,386162,50.585239,8.699665,2024-11-16 21:29:01.405997,50.580418,8.664761,2024-11-16 21:46:01.801618
2024-11-16,386162,50.580418,8.664761,2024-11-16 21:54:02.162315,50.585239,8.699665,2024-11-16 22:15:01.79892
2024-11-16,386163,50.59863,8.692892,2024-11-16 09:55:02.263411,50.580418,8.664761,2024-11-16 10:10:02.344078
2024-11-16,386163,50.580418,8.664761,2024-11-16 13:24:01.872575,50.585137,8.671877,2024-11-16 13:30:02.251309
2024-11-16,386163,50.585137,8.671877,2024-11-16 15:08:02.284524,50.58453,8.680142,2024-11-16 15:16:01.661846
2024-11-16,386163,50.58453,8.680142,2024-11-16 18:49:02.296648,50.576661,8.692147,2024-11-16 19:08:01.636694
2024-11-16,386163,50.576661,8.692147,2024-11-16 19:35:02.297449,50.581759,8.670118,2024-11-16 19:42:01.749499
2024-11-16,386163,50.581759,8.670118,2024-11-16 20:11:02.352018,50.587726,8.668395,2024-11-16 20:16:01.821849
2024-11-16,386164,50.588952,8.672911,2024-11-16 07:38:01.497789,50.584309,8.66348,2024-11-16 07:50:01.961168
2024-11-16,386166,50.579946,8.67848,2024-11-16 00:44:02.098197,50.588952,8.672911,2024-11-16 00:54:01.391561
2024-11-16,386166,50.588952,8.672911,2024-11-16 10:18:01.906076,50.588102,8.677491,2024-11-16 10:21:01.510244
2024-11-16,386166,50.588102,8.677491,2024-11-16 11:01:01.871573,50.580418,8.664761,2024-11-16 11:08:01.921722
2024-11-16,386166,50.580418,8.664761,2024-11-16 19:43:02.274608,50.572309,8.682867,2024-11-16 19:57:01.93867
2024-11-16,386169,50.58266,8.70796,2024-11-16 02:50:02.31195,50.580418,8.664761,2024-11-16 03:12:02.053805
2024-11-16,386169,50.580418,8.664761,2024-11-16 03:22:02.176036,50.585204,8.71319,2024-11-16 03:42:03.296009
2024-11-16,386169,50.585204,8.71319,2024-11-16 06:59:01.515334,50.581152,8.664379,2024-11-16 07:18:03.175653
2024-11-16,386169,50.581152,8.664379,2024-11-16 07:53:01.602848,50.576661,8.692147,2024-11-16 08:01:02.012917
2024-11-16,386169,50.576661,8.692147,2024-11-16 11:00:03.28101,50.58453,8.680142,2024-11-16 11:12:01.805374
2024-11-16,386169,50.58453,8.680142,2024-11-16 13:43:01.70688,50.589469,8.681104,2024-11-16 13:48:01.423634
2024-11-16,386169,50.589469,8.681104,2024-11-16 16:56:01.550197,50.582722,8.673988,2024-11-16 17:04:01.582611
2024-11-16,386169,50.582722,8.673988,2024-11-16 17:05:02.145491,50.576661,8.692147,2024-11-16 17:16:02.023967
2024-11-16,386169,50.576661,8.692147,2024-11-16 19:40:02.159698,50.576216,8.69397,2024-11-16 20:05:01.678042
2024-11-16,386169,50.576216,8.69397,2024-11-16 21:11:01.440187,50.579946,8.67848,2024-11-16 21:21:03.06616
2024-11-16,386171,50.592037,8.66542,2024-11-16 18:34:01.446438,50.581152,8.664379,2024-11-16 18:43:02.2235
2024-11-16,386171,50.581152,8.664379,2024-11-16 23:13:01.711607,50.585137,8.671877,2024-11-16 23:18:02.025392
2024-11-16,386173,50.581759,8.670118,2024-11-16 13:27:01.557005,50.585716,8.657575,2024-11-16 13:33:02.015281
2024-11-16,386173,50.585716,8.657575,2024-11-16 19:57:01.93867,50.581759,8.670118,2024-11-16 20:05:01.678042
2024-11-16,386174,50.582722,8.673988,2024-11-16 08:42:01.444682,50.576661,8.692147,2024-11-16 08:51:01.569821
2024-11-16,386174,50.576661,8.692147,2024-11-16 14:46:02.897273,50.588102,8.677491,2024-11-16 15:04:02.147625
2024-11-16,386174,50.588102,8.677491,2024-11-16 15:51:01.813147,50.579946,8.67848,2024-11-16 15:58:02.056712
2024-11-16,386174,50.579946,8.67848,2024-11-16 16:37:02.100038,50.58453,8.680142,2024-11-16 16:41:01.376297
2024-11-16,386177,50.587148,8.682158,2024-11-16 15:02:01.62543,50.590141,8.684306,2024-11-16 15:06:02.226418
2024-11-16,386177,50.590141,8.684306,2024-11-16 15:41:01.790857,50.579946,8.67848,2024-11-16 15:53:04.758549
2024-11-16,386182,50.585137,8.671877,2024-11-16 07:51:01.487677,50.581152,8.664379,2024-11-16 07:57:01.854289
2024-11-16,386182,50.581152,8.664379,2024-11-16 15:07:01.76519,50.579946,8.67848,2024-11-16 15:08:02.284524
2024-11-16,386183,50.578991,8.664509,2024-11-16 08:51:01.569821,50.576216,8.69397,2024-11-16 09:05:01.894819
2024-11-16,386183,50.576216,8.69397,2024-11-16 12:53:02.008896,50.587726,8.668395,2024-11-16 13:09:01.64
2024-11-16,386183,50.587726,8.668395,2024-11-16 14:35:02.287051,50.587547,8.669444,2024-11-16 14:54:02.319826
2024-11-16,386183,50.587547,8.669444,2024-11-16 14:54:02.319826,50.587726,8.668395,2024-11-16 14:55:02.736103
2024-11-16,386184,50.581759,8.670118,2024-11-16 16:32:02.332041,50.58453,8.680142,2024-11-16 16:37:02.100038
2024-11-16,386184,50.58453,8.680142,2024-11-16 17:01:01.797095,50.585137,8.671877,2024-11-16 17:31:02.321855
2024-11-16,386184,50.585137,8.671877,2024-11-16 18:04:02.295455,50.587726,8.668395,2024-11-16 18:22:03.920825
2024-11-16,386185,50.585716,8.657575,2024-11-16 14:17:02.284306,50.587726,8.668395,2024-11-16 14:27:02.685785
2024-11-16,386185,50.587726,8.668395,2024-11-16 14:28:02.220774,50.580418,8.664761,2024-11-16 14:35:02.287051
2024-11-16,386185,50.580418,8.664761,2024-11-16 14:51:01.727395,50.572309,8.682867,2024-11-16 15:00:01.558416
2024-11-16,386185,50.572309,8.682867,2024-11-16 16:38:01.75111,50.578991,8.664509,2024-11-16 16:48:01.876709
2024-11-16,386185,50.578991,8.664509,2024-11-16 18:42:02.330027,50.565941,8.65186,2024-11-16 18:55:01.97733
2024-11-16,386186,50.579946,8.67848,2024-11-16 09:25:01.4373,50.588971,8.662469,2024-11-16 09:35:02.008683
2024-11-16,386186,50.588971,8.662469,2024-11-16 12:13:02.173445,50.585137,8.671877,2024-11-16 12:20:02.638979
2024-11-16,386186,50.585137,8.671877,2024-11-16 14:01:02.368529,50.565941,8.65186,2024-11-16 14:15:02.155568
2024-11-16,386187,50.588132,8.675346,2024-11-16 00:17:02.116333,50.587726,8.668395,2024-11-16 00:24:02.156722
2024-11-16,386187,50.587726,8.668395,2024-11-16 06:16:01.953857,50.564109,8.677573,2024-11-16 06:34:03.160277
2024-11-16,386187,50.564109,8.677573,2024-11-16 06:53:01.474005,50.576661,8.692147,2024-11-16 07:06:02.053689
2024-11-16,386187,50.576661,8.692147,2024-11-16 10:53:01.977941,50.581152,8.664379,2024-11-16 11:07:02.356433
2024-11-16,386187,50.581152,8.664379,2024-11-16 14:45:02.016596,50.574348,8.660046,2024-11-16 15:10:02.317812
2024-11-16,386189,50.579946,8.67848,2024-11-16 07:49:02.461528,50.580753,8.695099,2024-11-16 07:58:01.410682
2024-11-16,386189,50.580753,8.695099,2024-11-16 14:21:01.522133,50.581759,8.670118,2024-11-16 15:07:01.76519
2024-11-16,386189,50.581759,8.670118,2024-11-16 18:24:02.415492,50.588971,8.662469,2024-11-17 07:36:01.782594
2024-11-16,386190,50.588971,8.662469,2024-11-16 01:58:02.169045,50.585584,8.684702,2024-11-16 02:11:02.161084
2024-11-16,386191,50.588952,8.672911,2024-11-16 07:38:01.497789,50.584309,8.66348,2024-11-16 07:50:01.961168
2024-11-16,386192,50.574348,8.660046,2024-11-16 07:46:01.722575,50.576216,8.69397,2024-11-16 07:58:01.410682
2024-11-16,386192,50.576216,8.69397,2024-11-16 08:07:02.054819,50.576661,8.692147,2024-11-16 08:10:01.642836
2024-11-16,386192,50.576661,8.692147,2024-11-16 14:46:02.897273,50.582722,8.673988,2024-11-16 15:02:01.62543
2024-11-16,386192,50.582722,8.673988,2024-11-16 16:19:01.913187,50.585584,8.684702,2024-11-16 16:27:02.237972
2024-11-16,386194,50.585137,8.671877,2024-11-16 17:06:03.088582,50.579946,8.67848,2024-11-16 17:11:02.120401
2024-11-16,386194,50.579946,8.67848,2024-11-16 20:16:01.821849,50.585137,8.671877,2024-11-16 20:23:01.552425
2024-11-16,386194,50.585137,8.671877,2024-11-16 20:36:02.417022,50.590141,8.684306,2024-11-16 20:50:01.548568
2024-11-16,386197,50.571591,8.691862,2024-11-16 03:58:02.247142,50.58266,8.70796,2024-11-16 04:12:02.561736
2024-11-16,386197,50.58266,8.70796,2024-11-16 04:21:01.694145,50.58453,8.680142,2024-11-16 04:33:02.276623
2024-11-16,386197,50.58453,8.680142,2024-11-16 10:39:01.705518,50.576661,8.692147,2024-11-16 10:49:01.576378
2024-11-16,386197,50.576661,8.692147,2024-11-16 11:01:01.871573,50.58453,8.680142,2024-11-16 11:12:01.805374
2024-11-16,386197,50.58453,8.680142,2024-11-16 11:38:01.936237,50.580418,8.664761,2024-11-16 12:07:01.938422
2024-11-16,386197,50.580418,8.664761,2024-11-16 13:25:01.435633,50.579946,8.67848,2024-11-16 13:32:02.333742
2024-11-16,386197,50.579946,8.67848,2024-11-16 14:36:01.804969,50.580418,8.664761,2024-11-16 14:45:02.016596
2024-11-16,386197,50.580418,8.664761,2024-11-16 15:22:02.083861,50.571078,8.674602,2024-11-16 15:32:02.730923
2024-11-16,386197,50.571078,8.674602,2024-11-16 15:42:02.376329,50.587726,8.668395,2024-11-16 16:02:01.737813
2024-11-16,386199,50.588952,8.672911,2024-11-16 07:42:01.698341,50.576661,8.692147,2024-11-16 07:55:01.684451
2024-11-16,386199,50.576661,8.692147,2024-11-16 15:59:03.661895,50.574348,8.660046,2024-11-16 16:16:02.196049
2024-11-16,386199,50.574348,8.660046,2024-11-16 21:05:02.229776,50.589413,8.676488,2024-11-16 21:17:02.323725
2024-11-16,386199,50.589413,8.676488,2024-11-16 23:18:02.025392,50.584822,8.677402,2024-11-16 23:23:01.837839
2024-11-16,386199,50.584822,8.677402,2024-11-16 23:23:01.837839,50.584844,8.677446,2024-11-16 23:24:02.391979
2024-11-16,386199,50.584844,8.677446,2024-11-16 23:27:02.240256,50.584871,8.677622,2024-11-16 23:28:02.678354
2024-11-16,386199,50.584871,8.677622,2024-11-16 23:28:02.678354,50.584796,8.677533,2024-11-16 23:29:02.245376
2024-11-16,386300,50.588132,8.675346,2024-11-16 14:28:02.220774,50.582722,8.673988,2024-11-16 14:34:01.712948
2024-11-16,386300,50.582722,8.673988,2024-11-16 15:38:01.99597,50.589469,8.681104,2024-11-16 15:49:01.701511
2024-11-16,386302,50.58871,8.679618,2024-11-16 15:25:02.242887,50.58453,8.680142,2024-11-16 15:29:01.624352
2024-11-16,91003,50.574348,8.660046,2024-11-16 03:15:01.821426,50.580418,8.664761,2024-11-16 03:21:01.646341
2024-11-16,91003,50.580418,8.664761,2024-11-16 04:53:01.54255,50.582722,8.673988,2024-11-16 05:03:03.601289
2024-11-16,91003,50.582722,8.673988,2024-11-16 05:44:02.211837,50.576661,8.692147,2024-11-16 05:53:01.458812
2024-11-16,91003,50.576661,8.692147,2024-11-16 12:03:02.257739,50.580418,8.664761,2024-11-16 12:17:01.511726
2024-11-16,91013,50.579946,8.67848,2024-11-16 15:54:03.938871,50.58453,8.680142,2024-11-16 16:31:01.814767
2024-11-16,91017,50.565941,8.65186,2024-11-16 00:41:04.351868,50.566796,8.649332,2024-11-16 00:42:01.903429
2024-11-16,91017,50.566796,8.649332,2024-11-16 00:42:01.903429,50.566356,8.650944,2024-11-16 00:43:01.429094
2024-11-16,91017,50.566356,8.650944,2024-11-16 00:45:01.620135,50.566333,8.650982,2024-11-16 00:46:02.167617
2024-11-16,91017,50.566333,8.650982,2024-11-16 10:41:01.803763,50.565941,8.65186,2024-11-16 10:42:02.569863
2024-11-16,91032,50.588132,8.675346,2024-11-16 00:16:01.520257,50.580418,8.664761,2024-11-16 00:26:02.278827
2024-11-16,91032,50.580418,8.664761,2024-11-16 01:18:01.912208,50.585137,8.671877,2024-11-16 01:23:01.615035
2024-11-16,91033,50.587726,8.668395,2024-11-16 18:00:02.196405,50.582722,8.673988,2024-11-16 18:07:01.967593
2024-11-16,91033,50.582722,8.673988,2024-11-16 18:13:01.720619,50.579946,8.67848,2024-11-16 18:45:03.090868
2024-11-16,91033,50.579946,8.67848,2024-11-16 20:14:02.301565,50.586566,8.67686,2024-11-16 20:23:01.552425
2024-11-16,91034,50.588132,8.675346,2024-11-16 03:22:02.176036,50.58453,8.680142,2024-11-16 03:31:01.573654
2024-11-16,91035,50.588102,8.677491,2024-11-16 08:38:02.065135,50.582267,8.669164,2024-11-16 08:48:01.686432
2024-11-16,91035,50.582267,8.669164,2024-11-16 08:48:01.686432,50.581759,8.670118,2024-11-16 08:49:02.468873
2024-11-16,91035,50.581759,8.670118,2024-11-16 19:00:01.664116,50.581152,8.664379,2024-11-16 19:04:01.994924
2024-11-16,91035,50.581152,8.664379,2024-11-16 19:08:01.636694,50.581759,8.670118,2024-11-16 19:13:01.596062
2024-11-16,91035,50.581759,8.670118,2024-11-16 21:01:01.977975,50.580418,8.664761,2024-11-16 21:05:02.229776
2024-11-16,91035,50.580418,8.664761,2024-11-16 22:07:01.759817,50.579946,8.67848,2024-11-16 22:16:02.352601
2024-11-16,91044,50.585716,8.657575,2024-11-16 06:57:01.423062,50.585137,8.671877,2024-11-16 07:10:01.760617
2024-11-16,91044,50.585137,8.671877,2024-11-16 10:37:02.047971,50.581759,8.670118,2024-11-16 10:40:02.262137
2024-11-16,91044,50.581759,8.670118,2024-11-16 10:45:02.299142,50.588952,8.672911,2024-11-16 11:00:03.28101
2024-11-16,91044,50.588952,8.672911,2024-11-16 14:06:02.069878,50.589469,8.681104,2024-11-16 14:10:02.355927
2024-11-16,91044,50.589469,8.681104,2024-11-16 15:40:02.233393,50.582722,8.673988,2024-11-16 15:56:02.049657
2024-11-16,91044,50.582722,8.673988,2024-11-16 17:27:02.013631,50.576661,8.692147,2024-11-16 17:40:01.703516
2024-11-16,91044,50.576661,8.692147,2024-11-16 19:50:02.092573,50.588971,8.662469,2024-11-16 20:02:02.124404
2024-11-16,91046,50.58266,8.70796,2024-11-16 00:21:02.30005,50.584773,8.706994,2024-11-16 00:22:01.802991
2024-11-16,91046,50.584773,8.706994,2024-11-16 00:22:01.802991,50.58266,8.70796,2024-11-16 00:23:02.319532
2024-11-16,91046,50.58266,8.70796,2024-11-16 07:30:01.661579,50.576216,8.69397,2024-11-16 07:42:01.698341
2024-11-16,91046,50.576216,8.69397,2024-11-16 14:07:01.608366,50.571791,8.689563,2024-11-16 14:15:02.155568
2024-11-16,91046,50.571791,8.689563,2024-11-16 14:15:02.155568,50.571791,8.689584,2024-11-16 14:16:01.731476
2024-11-16,91046,50.571791,8.689584,2024-11-16 14:16:01.731476,50.571787,8.68958,2024-11-16 14:17:02.284306
2024-11-16,91046,50.571787,8.68958,2024-11-16 14:28:02.220774,50.576216,8.69397,2024-11-16 14:33:02.138413
2024-11-16,91046,50.576216,8.69397,2024-11-16 15:26:02.037271,50.580418,8.664761,2024-11-16 15:43:01.979078
2024-11-16,91046,50.580418,8.664761,2024-11-16 16:56:01.550197,50.582722,8.673988,2024-11-16 17:01:01.797095
2024-11-16,91046,50.582722,8.673988,2024-11-16 17:17:01.557713,50.579946,8.67848,2024-11-16 17:23:01.940405
2024-11-16,91046,50.579946,8.67848,2024-11-16 20:13:04.723872,50.582722,8.673988,2024-11-16 20:18:01.829683
2024-11-16,91046,50.582722,8.673988,2024-11-16 21:21:03.06616,50.579946,8.67848,2024-11-16 21:24:01.601872
2024-11-16,91048,50.579946,8.67848,2024-11-16 08:51:01.569821,50.581759,8.670118,2024-11-16 08:56:03.694293
2024-11-16,91048,50.581759,8.670118,2024-11-16 14:29:01.873057,50.572309,8.682867,2024-11-16 14:39:01.497134
2024-11-16,91048,50.572309,8.682867,2024-11-16 16:00:03.621847,50.58336,8.707958,2024-11-16 16:29:01.629842
2024-11-16,91048,50.58336,8.707958,2024-11-16 16:29:01.629842,50.58266,8.70796,2024-11-16 16:30:02.259161
2024-11-16,91048,50.58266,8.70796,2024-11-16 17:40:01.703516,50.576661,8.692147,2024-11-16 17:48:07.842418
2024-11-16,91048,50.576661,8.692147,2024-11-16 19:50:02.092573,50.585137,8.671877,2024-11-16 20:00:03.077338
2024-11-16,91049,50.589469,8.681104,2024-11-16 16:17:01.758963,50.580418,8.664761,2024-11-16 16:38:01.75111
2024-11-16,91049,50.580418,8.664761,2024-11-16 20:20:01.974937,50.588102,8.677491,2024-11-16 20:33:02.13878
2024-11-16,91052,50.58453,8.680142,2024-11-16 11:16:02.121381,50.588952,8.672911,2024-11-16 11:24:02.455641
2024-11-16,91052,50.588952,8.672911,2024-11-16 13:04:01.774629,50.574348,8.660046,2024-11-16 13:16:01.471243
2024-11-16,91052,50.574348,8.660046,2024-11-16 13:31:01.808582,50.580418,8.664761,2024-11-16 13:36:02.238007
2024-11-16,91052,50.580418,8.664761,2024-11-16 15:26:02.037271,50.581759,8.670118,2024-11-16 15:32:02.730923
2024-11-16,91055,50.587726,8.668395,2024-11-16 21:30:01.958431,50.587164,8.666364,2024-11-16 21:31:01.503894
2024-11-16,91055,50.587164,8.666364,2024-11-16 21:31:01.503894,50.587182,8.666538,2024-11-16 21:32:02.061765
2024-11-16,91055,50.587182,8.666538,2024-11-16 21:34:02.595922,50.587726,8.668395,2024-11-16 21:35:02.156687
2024-11-16,91060,50.576661,8.692147,2024-11-16 19:54:02.33686,50.579946,8.67848,2024-11-16 20:06:02.644081
2024-11-16,91063,50.579946,8.67848,2024-11-16 07:44:01.76028,50.582722,8.673988,2024-11-16 07:48:01.777608
2024-11-16,91063,50.582722,8.673988,2024-11-16 09:20:02.245769,50.576216,8.69397,2024-11-16 09:31:01.732065
2024-11-16,91063,50.576216,8.69397,2024-11-16 15:09:02.736468,50.58453,8.680142,2024-11-16 15:21:01.538821
2024-11-16,91078,50.588971,8.662469,2024-11-16 13:46:02.399354,50.585137,8.671877,2024-11-16 14:03:01.426331
2024-11-16,91078,50.585137,8.671877,2024-11-16 19:17:01.888059,50.580418,8.664761,2024-11-16 19:22:02.068696
2024-11-16,91078,50.580418,8.664761,2024-11-16 22:41:02.258862,50.578196,8.663865,2024-11-16 22:42:02.831342
2024-11-16,91078,50.578196,8.663865,2024-11-16 22:42:02.831342,50.578271,8.66387,2024-11-16 22:43:02.343037
2024-11-16,91078,50.578271,8.66387,2024-11-16 22:45:02.355081,50.580418,8.664761,2024-11-16 22:46:01.881327
2024-11-16,91078,50.580418,8.664761,2024-11-16 23:12:02.205535,50.58871,8.679618,2024-11-16 23:23:01.837839
2024-11-16,91083,50.588971,8.662469,2024-11-16 12:42:02.090673,50.585692,8.67637,2024-11-16 12:53:02.008896
2024-11-16,91084,50.581759,8.670118,2024-11-16 17:45:01.716639,50.580418,8.664761,2024-11-16 17:50:02.319331
2024-11-16,91084,50.580418,8.664761,2024-11-16 20:20:01.974937,50.588102,8.677491,2024-11-16 20:33:02.13878
2024-11-16,91103,50.590141,8.684306,2024-11-16 13:30:02.251309,50.576216,8.69397,2024-11-16 13:47:01.917307
2024-11-16,91103,50.576216,8.69397,2024-11-16 15:46:02.043862,50.584142,8.679323,2024-11-16 15:57:01.547906
2024-11-16,91103,50.584142,8.679323,2024-11-16 15:57:01.547906,50.58453,8.680142,2024-11-16 15:58:02.056712
2024-11-16,91103,50.58453,8.680142,2024-11-16 18:34:01.446438,50.586547,8.679874,2024-11-16 18:35:01.998445
2024-11-16,91103,50.586547,8.679874,2024-11-16 18:35:01.998445,50.58453,8.680142,2024-11-16 18:36:01.498605
2024-11-16,91109,50.592037,8.66542,2024-11-16 14:44:02.367698,50.587726,8.668395,2024-11-16 14:51:01.727395
2024-11-16,91112,50.581759,8.670118,2024-11-16 09:56:01.804315,50.579946,8.67848,2024-11-16 10:21:01.510244
2024-11-16,91112,50.579946,8.67848,2024-11-16 11:26:01.83178,50.582722,8.673988,2024-11-16 11:30:02.126283
2024-11-16,91112,50.582722,8.673988,2024-11-16 12:52:01.500629,50.585137,8.671877,2024-11-16 13:10:03.230652
2024-11-16,91116,50.585137,8.671877,2024-11-16 06:20:02.040218,50.580418,8.664761,2024-11-16 06:25:01.926455
2024-11-16,91116,50.580418,8.664761,2024-11-16 07:41:02.146552,50.583058,8.680043,2024-11-16 07:57:01.854289
2024-11-16,91116,50.583058,8.680043,2024-11-16 07:57:01.854289,50.582929,8.680041,2024-11-16 07:58:01.410682
2024-11-16,91116,50.582929,8.680041,2024-11-16 07:58:01.410682,50.583013,8.680106,2024-11-16 07:59:01.895054
2024-11-16,91116,50.583013,8.680106,2024-11-16 07:59:01.895054,50.583107,8.680067,2024-11-16 08:00:01.43681
2024-11-16,91116,50.583107,8.680067,2024-11-16 08:00:01.43681,50.583209,8.680043,2024-11-16 08:01:02.012917
2024-11-16,91116,50.583209,8.680043,2024-11-16 08:01:02.012917,50.583049,8.680102,2024-11-16 08:02:01.53798
2024-11-16,91116,50.583049,8.680102,2024-11-16 08:23:01.66891,50.581152,8.664379,2024-11-16 08:33:02.363704
2024-11-16,91116,50.581152,8.664379,2024-11-16 08:40:02.322103,50.58453,8.680142,2024-11-16 08:41:01.888004
2024-11-16,91116,50.58453,8.680142,2024-11-16 11:08:01.921722,50.581152,8.664379,2024-11-16 11:09:01.493529
2024-11-16,91119,50.587148,8.682158,2024-11-16 09:18:02.158874,50.576216,8.69397,2024-11-16 09:31:01.732065
2024-11-16,91119,50.576216,8.69397,2024-11-16 15:06:02.226418,50.582722,8.673988,2024-11-16 15:17:02.210275
2024-11-16,91119,50.582722,8.673988,2024-11-16 17:14:01.745035,50.576661,8.692147,2024-11-16 17:27:02.013631
2024-11-16,91119,50.576661,8.692147,2024-11-16 17:35:01.881134,50.576216,8.69397,2024-11-16 17:38:01.529026
2024-11-16,91119,50.576216,8.69397,2024-11-16 19:07:02.109902,50.579946,8.67848,2024-11-16 19:41:02.264649
2024-11-16,91130,50.588102,8.677491,2024-11-16 11:02:01.426303,50.580418,8.664761,2024-11-16 11:11:02.250062
2024-11-16,91130,50.580418,8.664761,2024-11-16 17:47:01.784172,50.579946,8.67848,2024-11-16 17:54:01.727934
2024-11-16,91139,50.588971,8.662469,2024-11-16 08:34:03.024766,50.587726,8.668395,2024-11-16 08:38:02.065135
2024-11-16,91139,50.587726,8.668395,2024-11-16 15:15:02.144448,50.58453,8.680142,2024-11-16 15:22:02.083861
2024-11-16,91142,50.588102,8.677491,2024-11-16 13:28:02.121085,50.58453,8.680142,2024-11-16 13:57:01.475525
2024-11-16,91147,50.588132,8.675346,2024-11-16 02:46:02.257115,50.578991,8.664509,2024-11-16 03:11:01.519784
2024-11-16,91147,50.578991,8.664509,2024-11-16 23:50:02.340746,50.580418,8.664761,2024-11-17 00:13:02.315149
2024-11-16,91149,50.579946,8.67848,2024-11-16 16:16:02.196049,50.589469,8.681104,2024-11-16 16:26:01.714895
2024-11-16,91153,50.590141,8.684306,2024-11-16 16:56:01.550197,50.587148,8.682158,2024-11-16 17:01:01.797095
2024-11-16,91155,50.58453,8.680142,2024-11-16 11:59:02.041202,50.587726,8.668395,2024-11-16 17:47:01.784172
2024-11-16,91157,50.587726,8.668395,2024-11-16 00:21:02.30005,50.588952,8.672911,2024-11-16 00:27:01.932669
2024-11-16,91157,50.588952,8.672911,2024-11-16 08:54:02.282381,50.581759,8.670118,2024-11-16 09:00:02.087506
2024-11-16,91159,50.585137,8.671877,2024-11-16 08:19:01.55521,50.588132,8.675346,2024-11-16 08:23:01.66891
2024-11-16,91160,50.592037,8.66542,2024-11-16 14:16:01.731476,50.587726,8.668395,2024-11-16 14:21:01.522133
2024-11-16,91160,50.587726,8.668395,2024-11-16 16:17:01.758963,50.564109,8.677573,2024-11-16 16:46:01.376728
2024-11-16,91160,50.564109,8.677573,2024-11-16 17:10:01.558421,50.590141,8.684306,2024-11-16 17:27:02.013631
2024-11-16,91160,50.590141,8.684306,2024-11-16 19:30:01.771611,50.564109,8.677573,2024-11-16 19:49:01.511838
2024-11-16,91163,50.579946,8.67848,2024-11-16 05:20:01.881013,50.585137,8.671877,2024-11-16 05:26:02.004631
2024-11-16,91163,50.585137,8.671877,2024-11-16 13:39:02.212344,50.579946,8.67848,2024-11-16 13:49:02.009125
2024-11-16,91163,50.579946,8.67848,2024-11-16 18:05:01.798941,50.576661,8.692147,2024-11-16 18:14:02.286779
2024-11-16,91163,50.576661,8.692147,2024-11-16 19:48:02.045005,50.586566,8.67686,2024-11-16 20:00:03.077338
2024-11-16,91164,50.585137,8.671877,2024-11-16 09:55:02.263411,50.585716,8.657575,2024-11-16 10:01:01.452838
2024-11-16,91178,50.592037,8.66542,2024-11-16 15:00:01.558416,50.59863,8.692892,2024-11-16 15:16:01.661846
2024-11-16,91197,50.588132,8.675346,2024-11-16 02:46:02.257115,50.579946,8.67848,2024-11-16 02:57:02.189941
2024-11-16,91199,50.588132,8.675346,2024-11-16 02:46:02.257115,50.578991,8.664509,2024-11-16 03:11:01.519784
2024-11-16,91199,50.578991,8.664509,2024-11-16 19:10:01.994476,50.564109,8.677573,2024-11-16 19:24:03.068488
2024-11-16,91199,50.564109,8.677573,2024-11-16 19:36:01.801868,50.572309,8.682867,2024-11-16 19:44:02.690849
2024-11-16,91205,50.588102,8.677491,2024-11-16 00:26:02.278827,50.585584,8.684702,2024-11-16 00:31:02.231989
2024-11-16,91207,50.576661,8.692147,2024-11-16 11:38:01.936237,50.574348,8.660046,2024-11-16 12:07:01.938422
2024-11-16,91207,50.574348,8.660046,2024-11-16 16:41:01.376297,50.585137,8.671877,2024-11-16 16:49:01.447565
2024-11-16,91219,50.579946,8.67848,2024-11-16 06:50:01.746721,50.585137,8.671877,2024-11-16 06:56:01.89784
2024-11-16,91219,50.585137,8.671877,2024-11-16 08:27:01.84663,50.580418,8.664761,2024-11-16 08:36:03.04197
2024-11-16,91223,50.588132,8.675346,2024-11-16 09:44:02.13719,50.589469,8.681104,2024-11-16 09:51:01.961873
2024-11-16,91226,50.588971,8.662469,2024-11-16 12:41:01.532587,50.585692,8.67637,2024-11-16 12:53:02.008896
2024-11-16,91227,50.585692,8.67637,2024-11-16 08:16:01.384791,50.576216,8.69397,2024-11-16 08:29:01.867713
2024-11-16,91227,50.576216,8.69397,2024-11-16 11:26:01.83178,50.588102,8.677491,2024-11-16 11:39:01.509059
2024-11-16,91227,50.588102,8.677491,2024-11-16 12:26:02.031335,50.585137,8.671877,2024-11-16 12:31:01.85576
2024-11-16,91229,50.565941,8.65186,2024-11-16 12:25:02.427239,50.571078,8.674602,2024-11-16 12:53:02.008896
2024-11-16,91229,50.571078,8.674602,2024-11-16 16:03:02.264253,50.580418,8.664761,2024-11-16 16:14:02.118858
2024-11-16,91229,50.580418,8.664761,2024-11-16 16:56:01.550197,50.588952,8.672911,2024-11-16 17:06:03.088582
2024-11-16,91234,50.585137,8.671877,2024-11-16 11:40:02.083916,50.581152,8.664379,2024-11-16 12:07:01.938422
2024-11-16,91234,50.581152,8.664379,2024-11-16 13:44:02.254118,50.58453,8.680142,2024-11-16 14:16:01.731476
2024-11-16,91236,50.587726,8.668395,2024-11-16 16:13:01.580608,50.585716,8.657575,2024-11-16 16:20:01.447099
2024-11-16,91239,50.589469,8.681104,2024-11-16 21:34:02.595922,50.58453,8.680142,2024-11-16 21:40:02.371825
2024-11-16,91242,50.588971,8.662469,2024-11-16 15:28:02.085548,50.587726,8.668395,2024-11-16 15:32:02.730923
2024-11-16,91244,50.570486,8.665858,2024-11-16 12:10:01.586689,50.585137,8.671877,2024-11-16 12:55:02.056839
2024-11-16,91244,50.585137,8.671877,2024-11-16 19:29:02.217175,50.579946,8.67848,2024-11-16 19:35:02.297449
2024-11-16,91245,50.579622,8.663194,2024-11-16 04:19:01.580879,50.579676,8.663355,2024-11-16 04:20:02.135242
2024-11-16,91245,50.579676,8.663355,2024-11-16 04:20:02.135242,50.579631,8.663403,2024-11-16 04:21:01.694145
2024-11-16,91245,50.579631,8.663403,2024-11-16 14:20:01.993501,50.579533,8.66313,2024-11-16 14:21:01.522133
2024-11-16,91245,50.579533,8.66313,2024-11-16 14:21:01.522133,50.579591,8.663152,2024-11-16 14:22:02.373389
2024-11-16,91245,50.579591,8.663152,2024-11-16 15:21:01.538821,50.582722,8.673988,2024-11-16 15:24:02.707215
2024-11-16,91245,50.582722,8.673988,2024-11-16 19:20:01.713874,50.579631,8.663134,2024-11-16 19:21:02.430389
2024-11-16,91245,50.579631,8.663134,2024-11-16 19:21:02.430389,50.579613,8.663152,2024-11-16 19:22:02.068696
2024-11-16,91245,50.579613,8.663152,2024-11-16 21:51:01.491226,50.579547,8.663106,2024-11-16 21:52:02.044447
2024-11-16,91246,50.588971,8.662469,2024-11-16 23:03:02.06554,50.581759,8.670118,2024-11-16 23:11:02.565722
2024-11-16,91259,50.58266,8.70796,2024-11-16 08:08:01.561266,50.581435,8.696279,2024-11-16 08:28:02.384387
2024-11-16,91259,50.581435,8.696279,2024-11-16 11:32:03.69516,50.585204,8.71319,2024-11-16 12:07:01.938422
2024-11-16,91259,50.585204,8.71319,2024-11-16 14:40:02.073578,50.585137,8.671877,2024-11-16 14:53:01.80068
2024-11-16,91259,50.585137,8.671877,2024-11-16 20:36:02.417022,50.590141,8.684306,2024-11-16 20:50:01.548568
2024-11-16,91266,50.588952,8.672911,2024-11-16 08:05:04.027741,50.587148,8.682158,2024-11-16 08:11:02.239692
2024-11-16,91268,50.588102,8.677491,2024-11-16 12:02:01.70232,50.588952,8.672911,2024-11-16 12:07:01.938422
2024-11-16,91268,50.588952,8.672911,2024-11-16 17:59:01.552031,50.579946,8.67848,2024-11-16 18:08:02.949959
2024-11-16,91268,50.579946,8.67848,2024-11-16 18:56:01.479751,50.580418,8.664761,2024-11-16 19:05:01.536948
2024-11-16,91268,50.580418,8.664761,2024-11-16 23:17:01.414322,50.585239,8.699665,2024-11-16 23:32:01.900719
2024-11-16,91268,50.585239,8.699665,2024-11-16 23:39:01.429846,50.585204,8.71319,2024-11-16 23:56:02.07076
2024-11-16,91277,50.581759,8.670118,2024-11-16 03:14:02.199464,50.587418,8.669697,2024-11-16 04:01:01.844833
2024-11-16,91277,50.587418,8.669697,2024-11-16 04:01:01.844833,50.587351,8.669588,2024-11-16 04:02:02.370149
2024-11-16,91277,50.587351,8.669588,2024-11-16 04:05:04.131002,50.587726,8.668395,2024-11-16 04:31:02.216197
2024-11-16,91278,50.579946,8.67848,2024-11-16 09:50:01.432694,50.581152,8.664379,2024-11-16 09:59:01.41763
2024-11-16,91278,50.581152,8.664379,2024-11-16 10:07:01.714213,50.581759,8.670118,2024-11-16 10:12:01.449254
2024-11-16,91278,50.581759,8.670118,2024-11-16 17:51:01.865838,50.575893,8.688427,2024-11-16 18:00:02.196405
2024-11-16,91278,50.575893,8.688427,2024-11-16 18:00:02.196405,50.576661,8.692147,2024-11-16 18:01:01.831289
2024-11-16,91278,50.576661,8.692147,2024-11-16 19:46:01.907556,50.580418,8.664761,2024-11-16 19:58:01.486494
2024-11-16,91278,50.580418,8.664761,2024-11-16 20:59:01.812673,50.588102,8.677491,2024-11-16 21:08:04.738161
2024-11-16,91280,50.581152,8.664379,2024-11-16 17:57:02.471308,50.580418,8.664761,2024-11-16 18:00:02.196405
2024-11-16,91280,50.580418,8.664761,2024-11-16 20:59:01.812673,50.582778,8.662571,2024-11-16 21:00:02.397656
2024-11-16,91280,50.582778,8.662571,2024-11-16 21:00:02.397656,50.581152,8.664379,2024-11-16 21:01:01.977975
2024-11-16,91280,50.581152,8.664379,2024-11-16 23:08:01.745661,50.582722,8.673988,2024-11-16 23:16:01.87985
2024-11-16,91284,50.588102,8.677491,2024-11-16 07:30:01.661579,50.587726,8.668395,2024-11-16 07:37:01.965829
2024-11-16,91284,50.587726,8.668395,2024-11-16 11:13:02.432937,50.576661,8.692147,2024-11-16 11:29:01.5804
2024-11-16,91284,50.576661,8.692147,2024-11-16 13:29:01.654671,50.579946,8.67848,2024-11-16 13:36:02.238007
2024-11-16,91284,50.579946,8.67848,2024-11-16 14:01:02.368529,50.580418,8.664761,2024-11-16 14:10:02.355927
2024-11-16,91284,50.580418,8.664761,2024-11-16 14:55:02.736103,50.583596,8.672449,2024-11-16 14:59:01.997563
2024-11-16,91284,50.583596,8.672449,2024-11-16 14:59:01.997563,50.585137,8.671877,2024-11-16 15:00:01.558416
2024-11-16,91284,50.585137,8.671877,2024-11-16 16:04:01.802409,50.578991,8.664509,2024-11-16 16:26:01.714895
2024-11-16,91284,50.578991,8.664509,2024-11-16 23:17:01.414322,50.572309,8.682867,2024-11-16 23:25:03.018153
2024-11-16,91285,50.586566,8.67686,2024-11-16 17:09:02.018228,50.576661,8.692147,2024-11-16 17:19:03.519633
2024-11-16,91285,50.576661,8.692147,2024-11-16 19:50:02.092573,50.585137,8.671877,2024-11-16 20:00:03.077338
2024-11-16,91285,50.585137,8.671877,2024-11-16 23:28:02.678354,50.581759,8.670118,2024-11-16 23:33:01.55273
2024-11-16,91286,50.588132,8.675346,2024-11-16 14:29:01.873057,50.582722,8.673988,2024-11-16 14:33:02.138413
2024-11-16,91286,50.582722,8.673988,2024-11-16 16:21:02.923166,50.580418,8.664761,2024-11-16 16:28:02.092226
2024-11-16,91286,50.580418,8.664761,2024-11-16 19:41:02.264649,50.58266,8.70796,2024-11-16 20:05:01.678042
2024-11-16,91286,50.58266,8.70796,2024-11-16 21:01:01.977975,50.581435,8.696279,2024-11-16 21:09:02.301323
2024-11-16,91286,50.581435,8.696279,2024-11-16 22:15:01.79892,50.58266,8.70796,2024-11-16 22:22:01.69813
2024-11-16,91287,50.585137,8.671877,2024-11-16 07:55:01.684451,50.580418,8.664761,2024-11-16 08:01:02.012917
2024-11-16,91287,50.580418,8.664761,2024-11-16 09:09:02.079228,50.57525,8.697667,2024-11-16 09:27:01.494385
2024-11-16,91287,50.57525,8.697667,2024-11-16 13:41:01.632563,50.580418,8.664761,2024-11-16 14:00:01.830716
2024-11-16,91287,50.580418,8.664761,2024-11-16 17:55:02.266258,50.585137,8.671877,2024-11-16 18:01:01.831289
2024-11-16,91308,50.587726,8.668395,2024-11-16 05:15:02.226371,50.587148,8.682158,2024-11-16 05:20:01.881013
2024-11-16,91313,50.585137,8.671877,2024-11-16 01:48:01.588098,50.587148,8.682158,2024-11-16 01:54:02.076234
2024-11-16,91314,50.58453,8.680142,2024-11-16 09:45:01.666687,50.585137,8.671877,2024-11-16 09:51:01.961873
2024-11-16,91314,50.585137,8.671877,2024-11-16 11:52:04.713293,50.579946,8.67848,2024-11-16 12:07:01.938422
2024-11-16,91314,50.579946,8.67848,2024-11-16 14:52:02.277496,50.590141,8.684306,2024-11-16 15:02:01.62543
2024-11-16,91315,50.579946,8.67848,2024-11-16 12:53:02.008896,50.581759,8.670118,2024-11-16 12:58:01.756801
2024-11-16,91316,50.576661,8.692147,2024-11-16 16:05:02.381155,50.574348,8.660046,2024-11-16 16:48:01.876709
2024-11-16,91318,50.58266,8.70796,2024-11-16 08:19:01.55521,50.580418,8.664761,2024-11-16 08:42:01.444682
2024-11-16,91318,50.580418,8.664761,2024-11-16 11:41:01.756658,50.582722,8.673988,2024-11-16 12:14:01.883355
2024-11-16,91318,50.582722,8.673988,2024-11-16 12:51:02.000996,50.571078,8.674602,2024-11-16 13:00:04.460237
2024-11-16,91318,50.571078,8.674602,2024-11-16 17:44:02.158555,50.564109,8.677573,2024-11-16 17:50:02.319331
2024-11-16,91318,50.564109,8.677573,2024-11-16 19:21:02.430389,50.572309,8.682867,2024-11-16 19:27:01.834001
2024-11-16,91328,50.587148,8.682158,2024-11-16 11:35:02.298138,50.589469,8.681104,2024-11-16 12:07:01.938422
2024-11-16,91331,50.588132,8.675346,2024-11-16 17:25:01.712084,50.580418,8.664761,2024-11-16 17:32:01.89073
2024-11-16,91331,50.580418,8.664761,2024-11-16 17:59:01.552031,50.583653,8.679325,2024-11-16 18:11:01.622515
2024-11-16,91331,50.583653,8.679325,2024-11-16 18:11:01.622515,50.58453,8.680142,2024-11-16 18:12:02.160952
2024-11-16,91339,50.564109,8.677573,2024-11-16 08:49:02.468873,50.571078,8.674602,2024-11-16 09:03:01.799137
2024-11-16,91339,50.571078,8.674602,2024-11-16 09:03:01.799137,50.564109,8.677573,2024-11-16 09:08:01.543718
2024-11-16,91339,50.564109,8.677573,2024-11-16 10:00:02.924958,50.578991,8.664509,2024-11-16 10:09:01.761161
2024-11-16,91339,50.578991,8.664509,2024-11-16 20:10:01.766727,50.564109,8.677573,2024-11-16 20:22:02.00548
2024-11-16,91341,50.579946,8.67848,2024-11-16 14:52:02.277496,50.590141,8.684306,2024-11-16 15:03:02.15522
2024-11-16,91342,50.575709,8.70932,2024-11-16 22:15:01.79892,50.576831,8.706848,2024-11-16 22:16:02.352601
2024-11-16,91342,50.576831,8.706848,2024-11-16 22:16:02.352601,50.575709,8.70932,2024-11-16 22:17:01.845301
2024-11-16,91345,50.576661,8.692147,2024-11-16 16:52:02.240727,50.582342,8.668544,2024-11-16 17:28:01.547178
2024-11-16,91345,50.582342,8.668544,2024-11-16 17:28:01.547178,50.581759,8.670118,2024-11-16 17:29:02.092491
2024-11-16,91347,50.588102,8.677491,2024-11-16 00:47:01.680736,50.582722,8.673988,2024-11-16 01:21:01.44928
2024-11-16,91347,50.582722,8.673988,2024-11-16 08:25:01.802105,50.573486,8.700008,2024-11-16 08:36:03.04197
2024-11-16,91347,50.573486,8.700008,2024-11-16 18:47:02.199997,50.585137,8.671877,2024-11-16 19:01:02.221765
2024-11-16,91348,50.587726,8.668395,2024-11-16 17:03:01.946104,50.581759,8.670118,2024-11-16 17:14:01.745035
2024-11-16,91352,50.59863,8.692892,2024-11-16 07:21:02.035578,50.601076,8.69281,2024-11-16 07:22:01.539065
2024-11-16,91352,50.601076,8.69281,2024-11-16 07:22:01.539065,50.59863,8.692892,2024-11-16 07:23:02.125483
2024-11-16,91359,50.592037,8.66542,2024-11-16 20:33:02.13878,50.585137,8.671877,2024-11-16 20:41:01.478266
2024-11-16,91366,50.579946,8.67848,2024-11-16 16:16:02.196049,50.589469,8.681104,2024-11-16 16:26:01.714895
2024-11-16,91367,50.588102,8.677491,2024-11-16 08:38:02.065135,50.581759,8.670118,2024-11-16 08:49:02.468873
2024-11-16,91367,50.581759,8.670118,2024-11-16 13:35:02.674666,50.576216,8.69397,2024-11-16 13:44:02.254118
2024-11-16,91367,50.576216,8.69397,2024-11-16 15:46:02.043862,50.58453,8.680142,2024-11-16 15:57:01.547906
